timestamp,phys_pos_x,phys_pos_y,virt_pos_x,virt_pos_y,phys_heading,virt_heading,apply_rota,rota_gain,apply_trans,trans_gain,apply_curve,curve_gain,curve_dir,nav_state,collision
0.0000000000,0.0000000000,0.0000000000,-3.3611559868,-3.9565720558,3.1436061859,1.7462987900,false,1.0000000000,false,1.0000000000,false,0.0000000000,1,OK,0
0.0000000000,0.0000000000,0.0000000000,-3.3611559868,-3.9565720558,3.0650675297,1.6677589417,false,1.0000000000,false,1.0000000000,false,0.0000000000,1,OK,0
0.0500000007,0.0000000000,0.0000000000,-3.3611559868,-3.9565720558,2.9841718674,1.5892190933,true,1.0299999714,false,1.0000000000,false,0.0000000000,1,OK,0
0.1000000015,0.0000000000,0.0000000000,-3.3611559868,-3.9565720558,2.9032754898,1.5106792450,true,1.0299999714,false,1.0000000000,false,0.0000000000,1,OK,0
0.1500000060,0.0000000000,0.0000000000,-3.3611559868,-3.9565720558,2.8223791122,1.4321393967,true,1.0299999714,false,1.0000000000,false,0.0000000000,1,OK,0
0.2000000030,0.0000000000,0.0000000000,-3.3611559868,-3.9565720558,2.7414834499,1.3535995483,true,1.0299999714,false,1.0000000000,false,0.0000000000,1,OK,0
0.2500000000,0.0000000000,0.0000000000,-3.3611559868,-3.9565720558,2.6605877876,1.2750597000,true,1.0299999714,false,1.0000000000,false,0.0000000000,1,OK,0
0.3000000119,0.0000000000,0.0000000000,-3.3611559868,-3.9565720558,2.5852880478,1.1965198517,true,0.9587500095,false,1.0000000000,false,0.0000000000,1,OK,0
0.3500000238,0.0000000000,0.0000000000,-3.3611559868,-3.9565720558,2.5099875927,1.1179800034,true,0.9587500095,false,1.0000000000,false,0.0000000000,1,OK,0
0.4000000358,0.0000000000,0.0000000000,-3.3611559868,-3.9565720558,2.4418182373,1.0468778610,true,0.9587500095,false,1.0000000000,false,0.0000000000,1,OK,0
0.4500000477,-0.0330783650,0.0274740383,-3.3361420631,-3.9132788181,2.4484848976,1.0468778610,false,1.0000000000,true,0.8600000143,true,7.6394371986,1,OK,0
0.5000000596,-0.0663390756,0.0547268763,-3.3111283779,-3.8699855804,2.4551515579,1.0468778610,false,1.0000000000,true,0.8600000143,true,7.6394371986,1,OK,0
0.5500000715,-0.0997809470,0.0817575529,-3.2861144543,-3.8266921043,2.4618182182,1.0468778610,false,1.0000000000,true,0.8600000143,true,7.6394371986,1,OK,0
0.6000000834,-0.1334021389,0.1085645705,-3.2611005306,-3.7833988667,2.4684848785,1.0468778610,false,1.0000000000,true,0.8600000143,true,7.6394371986,1,OK,0
0.6500000954,-0.1672012210,0.1351467967,-3.2360868454,-3.7401056290,2.4751515388,1.0468778610,false,1.0000000000,true,0.8600000143,true,7.6394371986,1,OK,0
0.7000001073,-0.2011768371,0.1615031660,-3.2110729218,-3.6968123913,2.4818181992,1.0468778610,false,1.0000000000,true,0.8600000143,true,7.6394371986,1,OK,0
0.7500001192,-0.2353274077,0.1876324415,-3.1860589981,-3.6535191536,2.4884848595,1.0468778610,false,1.0000000000,true,0.8600000143,true,7.6394371986,1,OK,0
0.8000001311,-0.2696513236,0.2135334015,-3.1610453129,-3.6102259159,2.4951515198,1.0468778610,false,1.0000000000,true,0.8600000143,true,7.6394371986,1,OK,0
0.8500001431,-0.3041472435,0.2392050326,-3.1360313892,-3.5669326782,2.5018181801,1.0468778610,false,1.0000000000,true,0.8600000143,true,7.6394371986,1,OK,0
0.9000001550,-0.3388136625,0.2646462321,-3.1110174656,-3.5236392021,2.5084848404,1.0468778610,false,1.0000000000,true,0.8600000143,true,7.6394371986,1,OK,0
0.9500001669,-0.3736487031,0.2898555994,-3.0860037804,-3.4803459644,2.5151515007,1.0468778610,false,1.0000000000,true,0.8600000143,true,7.6394371986,1,OK,0
1.0000001192,-0.4086511135,0.3148322105,-3.0609898567,-3.4370527267,2.5218181610,1.0468778610,false,1.0000000000,true,0.8600000143,true,7.6394371986,1,OK,0
1.0500000715,-0.4438192546,0.3395749331,-3.0359759331,-3.3937594891,2.5284848213,1.0468778610,false,1.0000000000,true,0.8600000143,true,7.6394371986,1,OK,0
1.1000000238,-0.4791514874,0.3640826046,-3.0109622478,-3.3504662514,2.5351514816,1.0468778610,false,1.0000000000,true,0.8600000143,true,7.6394371986,1,OK,0
1.1499999762,-0.5146465302,0.3883543313,-2.9859483242,-3.3071727753,2.5418181419,1.0468778610,false,1.0000000000,true,0.8600000143,true,7.6394371986,1,OK,0
1.1999999285,-0.5503024459,0.4123888016,-2.9609344006,-3.2638795376,2.5484848022,1.0468778610,false,1.0000000000,true,0.8600000143,true,7.6394371986,1,OK,0
1.2499998808,-0.5861177444,0.4361849725,-2.9359207153,-3.2205862999,2.5551514626,1.0468778610,false,1.0000000000,true,0.8600000143,true,7.6394371986,1,OK,0
1.2999998331,-0.6220909357,0.4597418904,-2.9109067917,-3.1772930622,2.5618181229,1.0468778610,false,1.0000000000,true,0.8600000143,true,7.6394371986,1,OK,0
1.3499997854,-0.6582204103,0.4830584824,-2.8858928680,-3.1339998245,2.5684847832,1.0468778610,false,1.0000000000,true,0.8600000143,true,7.6394371986,1,OK,0
1.3999997377,-0.6945045590,0.5061337352,-2.8608791828,-3.0907063484,2.5751514435,1.0468778610,false,1.0000000000,true,0.8600000143,true,7.6394371986,1,OK,0
1.4499996901,-0.7309415340,0.5289664268,-2.8358652592,-3.0474133492,2.5818181038,1.0468778610,false,1.0000000000,true,0.8600000143,true,7.6394371986,1,OK,0
1.4999996424,-0.7675301433,0.5515558124,-2.8108515739,-3.0041198730,2.5884847641,1.0468778610,false,1.0000000000,true,0.8600000143,true,7.6394371986,1,OK,0
1.5499995947,-0.8042684793,0.5739007592,-2.7858376503,-2.9608266354,2.5951514244,1.0468778610,false,1.0000000000,true,0.8600000143,true,7.6394371986,1,OK,0
1.5999995470,-0.8411549330,0.5960003138,-2.7608237267,-2.9175333977,2.6018180847,1.0468778610,false,1.0000000000,true,0.8600000143,true,7.6394371986,1,OK,0
1.6499994993,-0.8781880736,0.6178535223,-2.7358098030,-2.8742399216,2.6084847450,1.0468778610,false,1.0000000000,true,0.8600000143,true,7.6394371986,1,OK,0
1.6999994516,-0.9153656960,0.6394591331,-2.7107961178,-2.8309469223,2.6151514053,1.0468778610,false,1.0000000000,true,0.8600000143,true,7.6394371986,1,OK,0
1.7499994040,-0.9526869059,0.6608166695,-2.6857821941,-2.7876534462,2.6218180656,1.0468778610,false,1.0000000000,true,0.8600000143,true,7.6394371986,1,OK,0
1.7999993563,-0.9901494384,0.6819247603,-2.6607685089,-2.7443602085,2.6284847260,1.0468778610,false,1.0000000000,true,0.8600000143,true,7.6394371986,1,OK,0
1.8499993086,-1.0277519226,0.7027826905,-2.6357545853,-2.7010669708,2.6351513863,1.0468778610,false,1.0000000000,true,0.8600000143,true,7.6394371986,1,OK,0
1.8999992609,-1.0654926300,0.7233895063,-2.6107406616,-2.6577737331,2.6418180466,1.0468778610,false,1.0000000000,true,0.8600000143,true,7.6394371986,1,OK,0
1.9499992132,-1.1033698320,0.7437442541,-2.5857267380,-2.6144804955,2.6484847069,1.0468778610,false,1.0000000000,true,0.8600000143,true,7.6394371986,1,OK,0
1.9999991655,-1.1413819790,0.7638460398,-2.5607130527,-2.5711870193,2.6551513672,1.0468778610,false,1.0000000000,true,0.8600000143,true,7.6394371986,1,OK,0
2.0499992371,-1.1795270443,0.7836938500,-2.5356991291,-2.5278940201,2.6618180275,1.0468778610,false,1.0000000000,true,0.8600000143,true,7.6394371986,1,OK,0
2.0999991894,-1.2178038359,0.8032870293,-2.5106854439,-2.4846005440,2.6684846878,1.0468778610,false,1.0000000000,true,0.8600000143,true,7.6394371986,1,OK,0
2.1499991417,-1.2562103271,0.8226245642,-2.4856715202,-2.4413073063,2.6751513481,1.0468778610,false,1.0000000000,true,0.8600000143,true,7.6394371986,1,OK,0
2.1999990940,-1.2947448492,0.8417056799,-2.4606575966,-2.3980140686,2.6818180084,1.0468778610,false,1.0000000000,true,0.8600000143,true,7.6394371986,1,OK,0
2.2499990463,-1.3334059715,0.8605295420,-2.4356436729,-2.3547205925,2.6884846687,1.0468778610,false,1.0000000000,true,0.8600000143,true,7.6394371986,1,OK,0
2.2999989986,-1.3721913099,0.8790950179,-2.4106299877,-2.3114275932,2.6951513290,1.0468778610,false,1.0000000000,true,0.8600000143,true,7.6394371986,1,OK,0
2.3499989510,-1.4110999107,0.8974017501,-2.3856160641,-2.2681341171,2.7018179893,1.0468778610,false,1.0000000000,true,0.8600000143,true,7.6394371986,1,OK,0
2.3999989033,-1.4501295090,0.9154485464,-2.3606023788,-2.2248408794,2.7084846497,1.0468778610,false,1.0000000000,true,0.8600000143,true,7.6394371986,1,OK,0
2.4499988556,-1.4892785549,0.9332348108,-2.3355884552,-2.1815476418,2.7151513100,1.0468778610,false,1.0000000000,true,0.8600000143,true,7.6394371986,1,OK,0
2.4999988079,-1.5285453796,0.9507596493,-2.3105745316,-2.1382544041,2.7218179703,1.0468778610,false,1.0000000000,true,0.8600000143,true,7.6394371986,1,OK,0
2.5499987602,-1.5679280758,0.9680223465,-2.2855606079,-2.0949611664,2.7284846306,1.0468778610,false,1.0000000000,true,0.8600000143,true,7.6394371986,1,OK,0
2.5999987125,-1.6074250937,0.9850221276,-2.2605469227,-2.0516676903,2.7351512909,1.0468778610,false,1.0000000000,true,0.8600000143,true,7.6394371986,1,OK,0
2.6499986649,-1.6470342875,1.0017580986,-2.2355329990,-2.0083746910,2.7418179512,1.0468778610,false,1.0000000000,true,0.8600000143,true,7.6394371986,1,OK,0
2.6999986172,-1.6867544651,1.0182297230,-2.2105193138,-1.9650812149,2.7484846115,1.0468778610,false,1.0000000000,true,0.8600000143,true,7.6394371986,1,OK,0
2.7499985695,-1.7265834808,1.0344362259,-2.1855053902,-1.9217879772,2.7551512718,1.0468778610,false,1.0000000000,true,0.8600000143,true,7.6394371986,1,OK,0
2.7999985218,-1.7665196657,1.0503767729,-2.1604914665,-1.8784947395,2.7618179321,1.0468778610,false,1.0000000000,true,0.8600000143,true,7.6394371986,1,OK,0
2.8499984741,-1.8065612316,1.0660507679,-2.1354775429,-1.8352015018,2.7684845924,1.0468778610,false,1.0000000000,true,0.8600000143,true,7.6394371986,1,OK,0
2.8999984264,-1.8467065096,1.0814574957,-2.1104638577,-1.7919080257,2.7751512527,1.0468778610,false,1.0000000000,true,0.8600000143,true,7.6394371986,1,OK,0
2.9499983788,-1.8869534731,1.0965962410,-2.0854499340,-1.7486147881,2.7818179131,1.0468778610,false,1.0000000000,true,0.8600000143,true,7.6394371986,1,OK,0
2.9999983311,-1.9273003340,1.1114662886,-2.0604362488,-1.7053215504,2.7884845734,1.0468778610,false,1.0000000000,true,0.8600000143,true,7.6394371986,1,OK,0
3.0499982834,-1.9677455425,1.1260670424,-2.0354223251,-1.6620283127,2.7951512337,1.0468778610,false,1.0000000000,true,0.8600000143,true,7.6394371986,1,OK,0
3.0999982357,-2.0082871914,1.1403979063,-2.0104084015,-1.6187350750,2.8018178940,1.0468778610,false,1.0000000000,true,0.8600000143,true,7.6394371986,1,OK,0
3.1499981880,-2.0489234924,1.1544581652,-1.9853945971,-1.5754418373,2.8084845543,1.0468778610,false,1.0000000000,true,0.8600000143,true,7.6394371986,1,OK,0
3.1999981403,-2.0896527767,1.1682472229,-1.9603807926,-1.5321483612,2.8151512146,1.0468778610,false,1.0000000000,true,0.8600000143,true,7.6394371986,1,OK,0
3.2499980927,-2.1304728985,1.1817643642,-1.9353668690,-1.4888551235,2.8218178749,1.0468778610,false,1.0000000000,true,0.8600000143,true,7.6394371986,1,OK,0
3.2999980450,-2.1713821888,1.1950091124,-1.9103530645,-1.4455618858,2.8284845352,1.0468778610,false,1.0000000000,true,0.8600000143,true,7.6394371986,1,OK,0
3.3499979973,-2.2123789787,1.2079808712,-1.8853392601,-1.4022686481,2.8351511955,1.0468778610,false,1.0000000000,true,0.8600000143,true,7.6394371986,1,OK,0
3.3999979496,-2.2534613609,1.2206790447,-1.8603253365,-1.3589754105,2.8418178558,1.0468778610,false,1.0000000000,true,0.8600000143,true,7.6394371986,1,OK,0
3.4499979019,-2.2946274281,1.2331030369,-1.8353115320,-1.3156821728,2.8484845161,1.0468778610,false,1.0000000000,true,0.8600000143,true,7.6394371986,1,OK,0
3.4999978542,-2.3358755112,1.2452523708,-1.8102977276,-1.2723886967,2.8551511765,1.0468778610,false,1.0000000000,true,0.8600000143,true,7.6394371986,1,OK,0
3.5499978065,-2.3772034645,1.2571263313,-1.7852838039,-1.2290954590,2.8618178368,1.0468778610,false,1.0000000000,true,0.8600000143,true,7.6394371986,1,OK,0
3.5999977589,-2.4186096191,1.2687245607,-1.7602699995,-1.1858022213,2.8684844971,1.0468778610,false,1.0000000000,true,0.8600000143,true,7.6394371986,1,OK,0
3.6499977112,-2.4600923061,1.2800464630,-1.7352561951,-1.1425089836,2.8751511574,1.0468778610,false,1.0000000000,true,0.8600000143,true,7.6394371986,1,OK,0
3.6999976635,-2.5016496181,1.2910915613,-1.7102422714,-1.0992157459,2.8818178177,1.0468778610,false,1.0000000000,true,0.8600000143,true,7.6394371986,1,OK,0
3.7499976158,-2.5432796478,1.3018593788,-1.6852284670,-1.0559222698,2.8884844780,1.0468778610,false,1.0000000000,true,0.8600000143,true,7.6394371986,1,OK,0
3.7999975681,-2.5849804878,1.3123494387,-1.6602146626,-1.0126290321,2.8951511383,1.0468778610,false,1.0000000000,true,0.8600000143,true,7.6394371986,1,OK,0
3.8499975204,-2.6267502308,1.3225612640,-1.6352007389,-0.9693357944,2.9018177986,1.0468778610,false,1.0000000000,true,0.8600000143,true,7.6394371986,1,OK,0
3.8999974728,-2.6685872078,1.3324943781,-1.6101869345,-0.9260425568,2.9084844589,1.0468778610,false,1.0000000000,true,0.8600000143,true,7.6394371986,1,OK,0
3.9499974251,-2.7104895115,1.3421483040,-1.5851731300,-0.8827493191,2.9151511192,1.0468778610,false,1.0000000000,true,0.8600000143,true,7.6394371986,1,OK,0
3.9999973774,-2.7524552345,1.3515226841,-1.5601592064,-0.8394560814,2.9218177795,1.0468778610,false,1.0000000000,true,0.8600000143,true,7.6394371986,1,OK,0
4.0499973297,-2.7944827080,1.3606171608,-1.5351454020,-0.7961626053,2.9284844398,1.0468778610,false,1.0000000000,true,0.8600000143,true,7.6394371986,1,OK,0
4.0999975204,-2.8365695477,1.3694312572,-1.5101315975,-0.7528693676,2.9351511002,1.0468778610,false,1.0000000000,true,0.8600000143,true,7.6394371986,1,OK,0
4.1499977112,-2.8787143230,1.3779644966,-1.4851176739,-0.7095761299,2.9418177605,1.0468778610,false,1.0000000000,true,0.8600000143,true,7.6394371986,1,OK,0
4.1999979019,-2.9209151268,1.3862166405,-1.4601038694,-0.6662828922,2.9484844208,1.0468778610,false,1.0000000000,true,0.8600000143,true,7.6394371986,1,OK,0
4.2499980927,-2.9631698132,1.3941872120,-1.4350900650,-0.6229896545,2.9551510811,1.0468778610,false,1.0000000000,true,0.8600000143,true,7.6394371986,1,OK,0
4.2999982834,-3.0054769516,1.4018759727,-1.4100761414,-0.5796964169,2.9618177414,1.0468778610,false,1.0000000000,true,0.8600000143,true,7.6394371986,1,OK,0
4.3499984741,-3.0478343964,1.4092825651,-1.3850623369,-0.5364029408,2.9684844017,1.0468778610,false,1.0000000000,true,0.8600000143,true,7.6394371986,1,OK,0
4.3999986649,-3.0902400017,1.4164065123,-1.3600485325,-0.4931097031,2.9751510620,1.0468778610,false,1.0000000000,true,0.8600000143,true,7.6394371986,1,OK,0
4.4499988556,-3.1326923370,1.4232476950,-1.3350346088,-0.4498164654,2.9818177223,1.0468778610,false,1.0000000000,true,0.8600000143,true,7.6394371986,1,OK,0
4.4999990463,-3.1751892567,1.4298056364,-1.3100209236,-0.4065232277,2.9884843826,1.0468778610,false,1.0000000000,true,0.8600000143,true,7.6394371986,1,OK,0
4.5499992371,-3.2177290916,1.4360800982,-1.2850070000,-0.3632299900,2.9951510429,1.0468778610,false,1.0000000000,true,0.8600000143,true,7.6394371986,1,OK,0
4.5999994278,-3.2603096962,1.4420708418,-1.2599930763,-0.3199367523,3.0018177032,1.0468778610,false,1.0000000000,true,0.8600000143,true,7.6394371986,1,OK,0
4.6499996185,-3.3029294014,1.4477776289,-1.2349793911,-0.2766432762,3.0084843636,1.0468778610,false,1.0000000000,true,0.8600000143,true,7.6394371986,1,OK,0
4.6999998093,-3.3455860615,1.4532001019,-1.2099654675,-0.2333500385,3.0151510239,1.0468778610,false,1.0000000000,true,0.8600000143,true,7.6394371986,1,OK,0
4.7500000000,-3.3882780075,1.4583381414,-1.1849515438,-0.1900568008,3.0218176842,1.0468778610,false,1.0000000000,true,0.8600000143,true,7.6394371986,1,OK,0
4.8000001907,-3.4310030937,1.4631913900,-1.1599378586,-0.1467635632,3.0284843445,1.0468778610,false,1.0000000000,true,0.8600000143,true,7.6394371986,1,OK,0
4.8500003815,-3.4737596512,1.4677597284,-1.1349239349,-0.1034703255,3.0351510048,1.0468778610,false,1.0000000000,true,0.8600000143,true,7.6394371986,1,OK,0
4.9000005722,-3.5165457726,1.4720429182,-1.1099100113,-0.0601770878,3.0418176651,1.0468778610,false,1.0000000000,true,0.8600000143,true,7.6394371986,1,OK,0
4.9500007629,-3.5593595505,1.4760408401,-1.0848963261,-0.0168836117,3.0484843254,1.0468778610,false,1.0000000000,true,0.8600000143,true,7.6394371986,1,OK,0
5.0000009537,-3.6021990776,1.4797532558,-1.0598824024,0.0264096260,3.0551509857,1.0468778610,false,1.0000000000,true,0.8600000143,true,7.6394371986,1,OK,0
5.0500011444,-3.6450622082,1.4831799269,-1.0348684788,0.0697026253,3.0618176460,1.0468778610,false,1.0000000000,true,0.8600000143,true,7.6394371986,1,OK,0
5.1000013351,-3.6879475117,1.4863207340,-1.0098547935,0.1129961014,3.0684843063,1.0468778610,false,1.0000000000,true,0.8600000143,true,7.6394371986,1,OK,0
5.1500015259,-3.7308528423,1.4891756773,-0.9848408699,0.1562895775,3.0751509666,1.0468778610,false,1.0000000000,true,0.8600000143,true,7.6394371986,1,OK,0
5.2000017166,-3.7737758160,1.4917445183,-0.9598269463,0.1995825768,3.0818176270,1.0468778610,false,1.0000000000,true,0.8600000143,true,7.6394371986,1,OK,0
5.2500019073,-3.8167152405,1.4940271378,-0.9348132610,0.2428760529,3.0884842873,1.0468778610,false,1.0000000000,true,0.8600000143,true,7.6394371986,1,OK,0
5.3000020981,-3.8596687317,1.4960234165,-0.9097993374,0.2861690521,3.0951509476,1.0468778610,false,1.0000000000,true,0.8600000143,true,7.6394371986,1,OK,0
5.3500022888,-3.9026348591,1.4977333546,-0.8847854137,0.3294625282,3.1018176079,1.0468778610,false,1.0000000000,true,0.8600000143,true,7.6394371986,1,OK,0
5.4000024796,-3.9456114769,1.4991567135,-0.8597717285,0.3727560043,3.1084842682,1.0468778610,false,1.0000000000,true,0.8600000143,true,7.6394371986,1,OK,0
5.4500026703,-3.9885962009,1.5002936125,-0.8347578049,0.4160490036,3.1151509285,1.0468778610,false,1.0000000000,true,0.8600000143,true,7.6394371986,1,OK,0
5.5000028610,-4.0315880775,1.5011439323,-0.8097438812,0.4593424797,3.1218175888,1.0468778610,false,1.0000000000,true,0.8600000143,true,7.6394371986,1,OK,0
5.5500030518,-4.0745840073,1.5017075539,-0.7847301960,0.5026354790,3.1284842491,1.0468778610,false,1.0000000000,true,0.8600000143,true,7.6394371986,1,OK,0
5.6000032425,-4.1175832748,1.5019845963,-0.7597162724,0.5459289551,3.1351509094,1.0468778610,false,1.0000000000,true,0.8600000143,true,7.6394371986,1,OK,0
5.6500034332,-4.1605834961,1.5019749403,-0.7347023487,0.5892224312,3.1418175697,1.0468778610,false,1.0000000000,true,0.8600000143,true,7.6394371986,1,OK,0
5.7000036240,-4.2035822868,1.5016785860,-0.7096886635,0.6325154305,3.1484842300,1.0468778610,false,1.0000000000,true,0.8600000143,true,7.6394371986,1,OK,0
5.7500038147,-4.2465786934,1.5010956526,-0.6846747398,0.6758089066,3.1551508904,1.0468778610,false,1.0000000000,true,0.8600000143,true,7.6394371986,1,OK,0
5.8000040054,-4.2895698547,1.5002260208,-0.6596608162,0.7191019058,3.1618175507,1.0468778610,false,1.0000000000,true,0.8600000143,true,7.6394371986,1,OK,0
5.8500041962,-4.3325543404,1.4990698099,-0.6346471310,0.7623953819,3.1684842110,1.0468778610,false,1.0000000000,true,0.8600000143,true,7.6394371986,1,OK,0
5.9000043869,-4.3755297661,1.4976271391,-0.6096332073,0.8056883812,3.1751508713,1.0468778610,false,1.0000000000,true,0.8600000143,true,7.6394371986,1,RESETTING,1
5.9500045776,-4.3755297661,1.4976271391,-0.6096332073,0.8056883812,3.1751508713,1.0468778610,true,0.6446590424,false,1.0000000000,false,0.0000000000,1,RESETTING,0
6.0000047684,-4.3755297661,1.4976271391,-0.6096332073,0.8056883812,3.2257819176,1.0468778610,true,0.6446590424,false,1.0000000000,false,0.0000000000,1,RESETTING,0
6.0500049591,-4.3755297661,1.4976271391,-0.6096332073,0.8056883812,3.2764129639,1.0468778610,true,0.6446590424,false,1.0000000000,false,0.0000000000,1,RESETTING,0
6.1000051498,-4.3755297661,1.4976271391,-0.6096332073,0.8056883812,3.3270440102,1.0468778610,true,0.6446590424,false,1.0000000000,false,0.0000000000,1,RESETTING,0
6.1500053406,-4.3755297661,1.4976271391,-0.6096332073,0.8056883812,3.3776755333,1.0468778610,true,0.6446590424,false,1.0000000000,false,0.0000000000,1,RESETTING,0
6.2000055313,-4.3755297661,1.4976271391,-0.6096332073,0.8056883812,3.4283065796,1.0468778610,true,0.6446590424,false,1.0000000000,false,0.0000000000,1,RESETTING,0
6.2500057220,-4.3755297661,1.4976271391,-0.6096332073,0.8056883812,3.4789376259,1.0468778610,true,0.6446590424,false,1.0000000000,false,0.0000000000,1,RESETTING,0
6.3000059128,-4.3755297661,1.4976271391,-0.6096332073,0.8056883812,3.5295686722,1.0468778610,true,0.6446590424,false,1.0000000000,false,0.0000000000,1,RESETTING,0
6.3500061035,-4.3755297661,1.4976271391,-0.6096332073,0.8056883812,3.5801997185,1.0468778610,true,0.6446590424,false,1.0000000000,false,0.0000000000,1,RESETTING,0
6.4000062943,-4.3755297661,1.4976271391,-0.6096332073,0.8056883812,3.6308312416,1.0468778610,true,0.6446590424,false,1.0000000000,false,0.0000000000,1,RESETTING,0
6.4500064850,-4.3755297661,1.4976271391,-0.6096332073,0.8056883812,3.6814622879,1.0468778610,true,0.6446590424,false,1.0000000000,false,0.0000000000,1,RESETTING,0
6.5000066757,-4.3755297661,1.4976271391,-0.6096332073,0.8056883812,3.7320933342,1.0468778610,true,0.6446590424,false,1.0000000000,false,0.0000000000,1,RESETTING,0
6.5500068665,-4.3755297661,1.4976271391,-0.6096332073,0.8056883812,3.7827243805,1.0468778610,true,0.6446590424,false,1.0000000000,false,0.0000000000,1,RESETTING,0
6.6000070572,-4.3755297661,1.4976271391,-0.6096332073,0.8056883812,3.8333554268,1.0468778610,true,0.6446590424,false,1.0000000000,false,0.0000000000,1,RESETTING,0
6.6500072479,-4.3755297661,1.4976271391,-0.6096332073,0.8056883812,3.8839864731,1.0468778610,true,0.6446590424,false,1.0000000000,false,0.0000000000,1,RESETTING,0
6.7000074387,-4.3755297661,1.4976271391,-0.6096332073,0.8056883812,3.9346175194,1.0468778610,true,0.6446590424,false,1.0000000000,false,0.0000000000,1,RESETTING,0
6.7500076294,-4.3755297661,1.4976271391,-0.6096332073,0.8056883812,3.9852490425,1.0468778610,true,0.6446590424,false,1.0000000000,false,0.0000000000,1,RESETTING,0
6.8000078201,-4.3755297661,1.4976271391,-0.6096332073,0.8056883812,4.0358800888,1.0468778610,true,0.6446590424,false,1.0000000000,false,0.0000000000,1,RESETTING,0
6.8500080109,-4.3755297661,1.4976271391,-0.6096332073,0.8056883812,4.0865111351,1.0468778610,true,0.6446590424,false,1.0000000000,false,0.0000000000,1,RESETTING,0
6.9000082016,-4.3755297661,1.4976271391,-0.6096332073,0.8056883812,4.1371426582,1.0468778610,true,0.6446590424,false,1.0000000000,false,0.0000000000,1,RESETTING,0
6.9500083923,-4.3755297661,1.4976271391,-0.6096332073,0.8056883812,4.1877741814,1.0468778610,true,0.6446590424,false,1.0000000000,false,0.0000000000,1,RESETTING,0
7.0000085831,-4.3755297661,1.4976271391,-0.6096332073,0.8056883812,4.2384057045,1.0468778610,true,0.6446590424,false,1.0000000000,false,0.0000000000,1,RESETTING,0
7.0500087738,-4.3755297661,1.4976271391,-0.6096332073,0.8056883812,4.2890362740,1.0468778610,true,0.6446590424,false,1.0000000000,false,0.0000000000,1,RESETTING,0
7.1000089645,-4.3755297661,1.4976271391,-0.6096332073,0.8056883812,4.3396673203,1.0468778610,true,0.6446590424,false,1.0000000000,false,0.0000000000,1,RESETTING,0
7.1500091553,-4.3755297661,1.4976271391,-0.6096332073,0.8056883812,4.3902983665,1.0468778610,true,0.6446590424,false,1.0000000000,false,0.0000000000,1,RESETTING,0
7.2000093460,-4.3755297661,1.4976271391,-0.6096332073,0.8056883812,4.4409294128,1.0468778610,true,0.6446590424,false,1.0000000000,false,0.0000000000,1,RESETTING,0
7.2500095367,-4.3755297661,1.4976271391,-0.6096332073,0.8056883812,4.4915609360,1.0468778610,true,0.6446590424,false,1.0000000000,false,0.0000000000,1,RESETTING,0
7.3000097275,-4.3755297661,1.4976271391,-0.6096332073,0.8056883812,4.5421919823,1.0468778610,true,0.6446590424,false,1.0000000000,false,0.0000000000,1,RESETTING,0
7.3500099182,-4.3755297661,1.4976271391,-0.6096332073,0.8056883812,4.5928225517,1.0468778610,true,0.6446590424,false,1.0000000000,false,0.0000000000,1,RESETTING,0
7.4000101089,-4.3755297661,1.4976271391,-0.6096332073,0.8056883812,4.6434535980,1.0468778610,true,0.6446590424,false,1.0000000000,false,0.0000000000,1,RESETTING,0
7.4500102997,-4.3755297661,1.4976271391,-0.6096332073,0.8056883812,4.6940846443,1.0468778610,true,0.6446590424,false,1.0000000000,false,0.0000000000,1,RESETTING,0
7.5000104904,-4.3755297661,1.4976271391,-0.6096332073,0.8056883812,4.7447156906,1.0468778610,true,0.6446590424,false,1.0000000000,false,0.0000000000,1,RESETTING,0
7.5500106812,-4.3755297661,1.4976271391,-0.6096332073,0.8056883812,4.7953472137,1.0468778610,true,0.6446590424,false,1.0000000000,false,0.0000000000,1,RESETTING,0
7.6000108719,-4.3755297661,1.4976271391,-0.6096332073,0.8056883812,4.8459787369,1.0468778610,true,0.6446590424,false,1.0000000000,false,0.0000000000,1,RESETTING,0
7.6500110626,-4.3755297661,1.4976271391,-0.6096332073,0.8056883812,4.8966102600,1.0468778610,true,0.6446590424,false,1.0000000000,false,0.0000000000,1,RESETTING,0
7.7000112534,-4.3755297661,1.4976271391,-0.6096332073,0.8056883812,4.9472413063,1.0468778610,true,0.6446590424,false,1.0000000000,false,0.0000000000,1,RESETTING,0
7.7500114441,-4.3755297661,1.4976271391,-0.6096332073,0.8056883812,4.9978723526,1.0468778610,true,0.6446590424,false,1.0000000000,false,0.0000000000,1,RESETTING,0
7.8000116348,-4.3755297661,1.4976271391,-0.6096332073,0.8056883812,5.0485033989,1.0468778610,true,0.6446590424,false,1.0000000000,false,0.0000000000,1,RESETTING,0
7.8500118256,-4.3755297661,1.4976271391,-0.6096332073,0.8056883812,5.0991344452,1.0468778610,true,0.6446590424,false,1.0000000000,false,0.0000000000,1,RESETTING,0
7.9000120163,-4.3755297661,1.4976271391,-0.6096332073,0.8056883812,5.1497654915,1.0468778610,true,0.6446590424,false,1.0000000000,false,0.0000000000,1,RESETTING,0
7.9500122070,-4.3755297661,1.4976271391,-0.6096332073,0.8056883812,5.2003970146,1.0468778610,true,0.6446590424,false,1.0000000000,false,0.0000000000,1,RESETTING,0
8.0000123978,-4.3755297661,1.4976271391,-0.6096332073,0.8056883812,5.2510285378,1.0468778610,true,0.6446590424,false,1.0000000000,false,0.0000000000,1,RESETTING,0
8.0500125885,-4.3755297661,1.4976271391,-0.6096332073,0.8056883812,5.3016600609,1.0468778610,true,0.6446590424,false,1.0000000000,false,0.0000000000,1,RESETTING,0
8.1000127792,-4.3755297661,1.4976271391,-0.6096332073,0.8056883812,5.3522911072,1.0468778610,true,0.6446590424,false,1.0000000000,false,0.0000000000,1,RESETTING,0
8.1500129700,-4.3755297661,1.4976271391,-0.6096332073,0.8056883812,5.4029226303,1.0468778610,true,0.6446590424,false,1.0000000000,false,0.0000000000,1,RESETTING,0
8.2000131607,-4.3755297661,1.4976271391,-0.6096332073,0.8056883812,5.4535541534,1.0468778610,true,0.6446590424,false,1.0000000000,false,0.0000000000,1,RESETTING,0
8.2500133514,-4.3755297661,1.4976271391,-0.6096332073,0.8056883812,5.5041851997,1.0468778610,true,0.6446590424,false,1.0000000000,false,0.0000000000,1,RESETTING,0
8.3000135422,-4.3755297661,1.4976271391,-0.6096332073,0.8056883812,5.5548157692,1.0468778610,true,0.6446590424,false,1.0000000000,false,0.0000000000,1,RESETTING,0
8.3500137329,-4.3755297661,1.4976271391,-0.6096332073,0.8056883812,5.6054463387,1.0468778610,true,0.6446590424,false,1.0000000000,false,0.0000000000,1,RESETTING,0
8.4000139236,-4.3755297661,1.4976271391,-0.6096332073,0.8056883812,5.6560773849,1.0468778610,true,0.6446590424,false,1.0000000000,false,0.0000000000,1,RESETTING,0
8.4500141144,-4.3755297661,1.4976271391,-0.6096332073,0.8056883812,5.7067084312,1.0468778610,true,0.6446590424,false,1.0000000000,false,0.0000000000,1,RESETTING,0
8.5000143051,-4.3755297661,1.4976271391,-0.6096332073,0.8056883812,5.7573394775,1.0468778610,true,0.6446590424,false,1.0000000000,false,0.0000000000,1,RESETTING,0
8.5500144958,-4.3755297661,1.4976271391,-0.6096332073,0.8056883812,5.8079705238,1.0468778610,true,0.6446590424,false,1.0000000000,false,0.0000000000,1,RESETTING,0
8.6000146866,-4.3755297661,1.4976271391,-0.6096332073,0.8056883812,5.8586015701,1.0468778610,true,0.6446590424,false,1.0000000000,false,0.0000000000,1,RESETTING,0
8.6500148773,-4.3755297661,1.4976271391,-0.6096332073,0.8056883812,5.9092326164,1.0468778610,true,0.6446590424,false,1.0000000000,false,0.0000000000,1,RESETTING,0
8.7000150681,-4.3755297661,1.4976271391,-0.6096332073,0.8056883812,5.9598641396,1.0468778610,true,0.6446590424,false,1.0000000000,false,0.0000000000,1,RESETTING,0
8.7500152588,-4.3755297661,1.4976271391,-0.6096332073,0.8056883812,6.0104951859,1.0468778610,true,0.6446590424,false,1.0000000000,false,0.0000000000,1,RESETTING,0
8.8000154495,-4.3755297661,1.4976271391,-0.6096332073,0.8056883812,6.0611262321,1.0468778610,true,0.6446590424,false,1.0000000000,false,0.0000000000,1,RESETTING,0
8.8500156403,-4.3755297661,1.4976271391,-0.6096332073,0.8056883812,6.1117572784,1.0468778610,true,0.6446590424,false,1.0000000000,false,0.0000000000,1,RESETTING,0
8.9000158310,-4.3755297661,1.4976271391,-0.6096332073,0.8056883812,6.1623883247,1.0468778610,true,0.6446590424,false,1.0000000000,false,0.0000000000,1,RESETTING,0
8.9500160217,-4.3755297661,1.4976271391,-0.6096332073,0.8056883812,6.2130193710,1.0468778610,true,0.6446590424,false,1.0000000000,false,0.0000000000,1,RESETTING,0
9.0000162125,-4.3755297661,1.4976271391,-0.6096332073,0.8056883812,6.2636504173,1.0468778610,true,0.6446590424,false,1.0000000000,false,0.0000000000,1,RESETTING,0
9.0500164032,-4.3755297661,1.4976271391,-0.6096332073,0.8056883812,0.0310959816,1.0468778610,true,0.6446590424,false,1.0000000000,false,0.0000000000,1,RESETTING,0
9.1000165939,-4.3755297661,1.4976271391,-0.6096332073,0.8056883812,0.0817276016,1.0468778610,true,0.6446590424,false,1.0000000000,false,0.0000000000,1,RESETTING,0
9.1500167847,-4.3755297661,1.4976271391,-0.6096332073,0.8056883812,0.1323587298,1.0468778610,true,0.6446590424,false,1.0000000000,false,0.0000000000,1,RESETTING,0
9.2000169754,-4.3755297661,1.4976271391,-0.6096332073,0.8056883812,0.1829898655,1.0468778610,true,0.6446590424,false,1.0000000000,false,0.0000000000,1,RESETTING,0
9.2500171661,-4.3755297661,1.4976271391,-0.6096332073,0.8056883812,0.2336214781,1.0468778610,true,0.6446590424,false,1.0000000000,false,0.0000000000,1,RESETTING,0
9.3000173569,-4.3755297661,1.4976271391,-0.6096332073,0.8056883812,0.2842521071,1.0468778610,true,0.6446590424,false,1.0000000000,false,0.0000000000,1,RESETTING,0
9.3500175476,-4.3755297661,1.4976271391,-0.6096332073,0.8056883812,0.3348827362,1.0468778610,true,0.6446590424,false,1.0000000000,false,0.0000000000,1,RESETTING,0
9.4000177383,-4.3755297661,1.4976271391,-0.6096332073,0.8056883812,0.3855143487,1.0468778610,true,0.6446590424,false,1.0000000000,false,0.0000000000,1,RESETTING,0
9.4500179291,-4.3755297661,1.4976271391,-0.6096332073,0.8056883812,0.4361459613,1.0468778610,true,0.6446590424,false,1.0000000000,false,0.0000000000,1,RESETTING,0
9.5000181198,-4.3755297661,1.4976271391,-0.6096332073,0.8056883812,0.4867770970,1.0468778610,true,0.6446590424,false,1.0000000000,false,0.0000000000,1,RESETTING,0
9.5500183105,-4.3755297661,1.4976271391,-0.6096332073,0.8056883812,0.5374082327,1.0468778610,true,0.6446590424,false,1.0000000000,false,0.0000000000,1,RESETTING,0
9.6000185013,-4.3755297661,1.4976271391,-0.6096332073,0.8056883812,0.5880393386,1.0468778610,true,0.6446590424,false,1.0000000000,false,0.0000000000,1,RESETTING,0
9.6500186920,-4.3755297661,1.4976271391,-0.6096332073,0.8056883812,0.6386704445,1.0468778610,true,0.6446590424,false,1.0000000000,false,0.0000000000,1,RESETTING,0
9.7000188828,-4.3755297661,1.4976271391,-0.6096332073,0.8056883812,0.6893025637,1.0468778610,true,0.6446590424,false,1.0000000000,false,0.0000000000,1,RESETTING,0
9.7500190735,-4.3755297661,1.4976271391,-0.6096332073,0.8056883812,0.7399336696,1.0468778610,true,0.6446590424,false,1.0000000000,false,0.0000000000,1,RESETTING,0
9.8000192642,-4.3755297661,1.4976271391,-0.6096332073,0.8056883812,0.7905647755,1.0468778610,true,0.6446590424,false,1.0000000000,false,0.0000000000,1,RESETTING,0
9.8500194550,-4.3755297661,1.4976271391,-0.6096332073,0.8056883812,0.8411958814,1.0468778610,true,0.6446590424,false,1.0000000000,false,0.0000000000,1,RESETTING,0
9.9000196457,-4.3755297661,1.4976271391,-0.6096332073,0.8056883812,0.8918269873,1.0468778610,true,0.6446590424,false,1.0000000000,false,0.0000000000,1,RESETTING,0
9.9500198364,-4.3755297661,1.4976271391,-0.6096332073,0.8056883812,0.9727225304,1.0468778610,true,1.0299999714,false,1.0000000000,false,0.0000000000,1,OK,0
10.0000200272,-4.3506588936,1.5336134434,-0.5846192837,0.8489818573,0.9660558701,1.0468778610,false,1.0000000000,true,0.8748839498,true,7.6394371986,-1,OK,0
10.0500202179,-4.3254323006,1.5695990324,-0.5596055984,0.8922753334,0.9593892097,1.0468778610,false,1.0000000000,true,0.8789371252,true,7.6394371986,-1,OK,0
10.1000204086,-4.3208289146,1.5760736465,-0.5551059246,0.9000654221,0.9527225494,1.0468778610,false,1.0000000000,true,0.8830685019,true,7.6394371986,-1,OK,0
10.1500205994,-4.3208289146,1.5760736465,-0.5551059246,0.9000654221,0.8718270063,0.9683380127,true,1.0299999714,false,1.0000000000,false,0.0000000000,1,OK,0
10.2000207901,-4.3208289146,1.5760736465,-0.5551059246,0.9000654221,0.7909314632,0.8897981644,true,1.0299999714,false,1.0000000000,false,0.0000000000,1,OK,0
10.2500209808,-4.3208289146,1.5760736465,-0.5551059246,0.9000654221,0.7100359201,0.8112583160,true,1.0299999714,false,1.0000000000,false,0.0000000000,1,OK,0
10.3000211716,-4.3208289146,1.5760736465,-0.5551059246,0.9000654221,0.6291403770,0.7327184677,true,1.0299999714,false,1.0000000000,false,0.0000000000,1,OK,0
10.3500213623,-4.3208289146,1.5760736465,-0.5551059246,0.9000654221,0.5482448339,0.6541786194,true,1.0299999714,false,1.0000000000,false,0.0000000000,1,OK,0
10.4000215530,-4.3208289146,1.5760736465,-0.5551059246,0.9000654221,0.4673476815,0.5756387711,true,1.0299999714,false,1.0000000000,false,0.0000000000,1,OK,0
10.4500217438,-4.3208289146,1.5760736465,-0.5551059246,0.9000654221,0.3920480311,0.4970989525,true,0.9587500095,false,1.0000000000,false,0.0000000000,1,OK,0
10.5000219345,-4.3208289146,1.5760736465,-0.5551059246,0.9000654221,0.3167483807,0.4185591340,true,0.9587500095,false,1.0000000000,false,0.0000000000,1,OK,0
10.5500221252,-4.3208289146,1.5760736465,-0.5551059246,0.9000654221,0.2722058594,0.3720975518,true,0.9587500095,false,1.0000000000,false,0.0000000000,1,OK,0
10.6000223160,-4.2600932121,1.5928117037,-0.5085275769,0.9182439446,0.2689127028,0.3720975518,false,1.0000000000,true,1.2599999905,true,3.7736775875,-1,OK,0
10.6500225067,-4.1993036270,1.6093530655,-0.4619492292,0.9364224672,0.2656754553,0.3720975518,false,1.0000000000,true,1.2599999905,true,3.7096195221,-1,OK,0
10.7000226974,-4.1384615898,1.6257009506,-0.4153709114,0.9546009302,0.2624944150,0.3720975518,false,1.0000000000,true,1.2599999905,true,3.6452119350,-1,OK,0
10.7500228882,-4.0775690079,1.6418586969,-0.3687925637,0.9727794528,0.2593698800,0.3720975518,false,1.0000000000,true,1.2599999905,true,3.5804653168,-1,OK,0
10.8000230789,-4.0166268349,1.6578295231,-0.3222142160,0.9909579754,0.2563021183,0.3720975518,false,1.0000000000,true,1.2599999905,true,3.5153908730,-1,OK,0
10.8500232697,-3.9556369781,1.6736167669,-0.2756358981,1.0091364384,0.2532914281,0.3720975518,false,1.0000000000,true,1.2599999905,true,3.4499886036,-1,OK,0
10.9000234604,-3.8946006298,1.6892238855,-0.2290575504,1.0273150206,0.2503380775,0.3720975518,false,1.0000000000,true,1.2599999905,true,3.3842875957,-1,OK,0
10.9500236511,-3.8335194588,1.7046542168,-0.1824792027,1.0454934835,0.2474423498,0.3720975518,false,1.0000000000,true,1.2599999905,true,3.3182625771,-1,OK,0
11.0000238419,-3.7723946571,1.7199110985,-0.1359008551,1.0636720657,0.2446044683,0.3720975518,false,1.0000000000,true,1.2599999905,true,3.2519714832,-1,OK,0
11.0500240326,-3.7112278938,1.7349979877,-0.0893225074,1.0818505287,0.2418246865,0.3720975518,false,1.0000000000,true,1.2599999905,true,3.1853997707,-1,OK,0
11.1000242233,-3.6500201225,1.7499183416,-0.0427441597,1.1000291109,0.2391032428,0.3720975518,false,1.0000000000,true,1.2599999905,true,3.1185441017,-1,OK,0
11.1500244141,-3.5887730122,1.7646756172,0.0038341284,1.1182075739,0.2364403605,0.3720975518,false,1.0000000000,true,1.2599999905,true,3.0514407158,-1,OK,0
11.2000246048,-3.5274875164,1.7792733908,0.0504124761,1.1363861561,0.2338362485,0.3720975518,false,1.0000000000,true,1.2599999905,true,2.9840860367,-1,OK,0
11.2500247955,-3.4661650658,1.7937151194,0.0969908237,1.1545646191,0.2312911302,0.3720975518,false,1.0000000000,true,1.2599999905,true,2.9164979458,-1,OK,0
11.3000249863,-3.4048070908,1.8080043793,0.1435691714,1.1727430820,0.2288051844,0.3720975518,false,1.0000000000,true,1.2599999905,true,2.8486807346,-1,OK,0
11.3500251770,-3.3434145451,1.8221447468,0.1901475191,1.1909216642,0.2263786048,0.3720975518,false,1.0000000000,true,1.2599999905,true,2.7806627750,-1,OK,0
11.4000253677,-3.2819886208,1.8361396790,0.2367258668,1.2091001272,0.2240115702,0.3720975518,false,1.0000000000,true,1.2599999905,true,2.7124266624,-1,OK,0
11.4500255585,-3.2205305099,1.8499928713,0.2833042145,1.2272787094,0.2217042297,0.3720975518,false,1.0000000000,true,1.2599999905,true,2.6440191269,-1,OK,0
11.5000257492,-3.1590414047,1.8637079000,0.3298825622,1.2454571724,0.2194567472,0.3720975518,false,1.0000000000,true,1.2599999905,true,2.5754184723,-1,OK,0
11.5500259399,-3.0975224972,1.8772884607,0.3764609098,1.2636356354,0.2172692567,0.3720975518,false,1.0000000000,true,1.2599999905,true,2.5066757202,-1,OK,0
11.6000261307,-3.0359749794,1.8907381296,0.4230391979,1.2818142176,0.2151419073,0.3720975518,false,1.0000000000,true,1.2599999905,true,2.4377691746,-1,OK,0
11.6500263214,-2.9743995667,1.9040604830,0.4696176052,1.2999926805,0.2130747885,0.3720975518,false,1.0000000000,true,1.2599999905,true,2.3687386513,-1,OK,0
11.7000265121,-2.9127976894,1.9172592163,0.5161958933,1.3181712627,0.2110680193,0.3720975518,false,1.0000000000,true,1.2599999905,true,2.2995808125,-1,OK,0
11.7500267029,-2.8511703014,1.9303380251,0.5627741814,1.3363497257,0.2091217041,0.3720975518,false,1.0000000000,true,1.2599999905,true,2.2303063869,-1,OK,0
11.8000268936,-2.7895183563,1.9433006048,0.6093525887,1.3545281887,0.2072359174,0.3720975518,false,1.0000000000,true,1.2599999905,true,2.1609480381,-1,OK,0
11.8500270844,-2.7278428078,1.9561506510,0.6559308767,1.3727067709,0.2054107338,0.3720975518,false,1.0000000000,true,1.2599999905,true,2.0915131569,-1,OK,0
11.9000272751,-2.6661446095,1.9688918591,0.7025092840,1.3908853531,0.2036461979,0.3720975518,false,1.0000000000,true,1.2599999905,true,2.0220091343,-1,OK,0
11.9500274658,-2.6044249535,1.9815279245,0.7490875721,1.4090638161,0.2019423544,0.3720975518,false,1.0000000000,true,1.2599999905,true,1.9524577856,-1,OK,0
12.0000276566,-2.5426845551,1.9940625429,0.7956659794,1.4272422791,0.2002992332,0.3720975518,false,1.0000000000,true,1.2599999905,true,1.8828700781,-1,OK,0
12.0500278473,-2.4809243679,2.0064995289,0.8422442675,1.4454207420,0.1987168491,0.3720975518,false,1.0000000000,true,1.2599999905,true,1.8132785559,-1,OK,0
12.1000280380,-2.4191451073,2.0188424587,0.8888226748,1.4635993242,0.1971952021,0.3720975518,false,1.0000000000,true,1.2599999905,true,1.7436761856,-1,OK,0
12.1500282288,-2.3573482037,2.0310950279,0.9354009628,1.4817779064,0.1957342774,0.3720975518,false,1.0000000000,true,1.2599999905,true,1.6740993261,-1,OK,0
12.2000284195,-2.2955341339,2.0432610512,0.9819792509,1.4999563694,0.1943340451,0.3720975518,false,1.0000000000,true,1.2599999905,true,1.6045479774,-1,OK,0
12.2500286102,-2.2337036133,2.0553443432,1.0285576582,1.5181348324,0.1929944605,0.3720975518,false,1.0000000000,true,1.2599999905,true,1.5350586176,-1,OK,0
12.3000288010,-2.1718578339,2.0673484802,1.0751359463,1.5363134146,0.1917154491,0.3720975518,false,1.0000000000,true,1.2599999905,true,1.4656311274,-1,OK,0
12.3500289917,-2.1099975109,2.0792772770,1.1217143536,1.5544918776,0.1904969513,0.3720975518,false,1.0000000000,true,1.2599999905,true,1.3962910175,-1,OK,0
12.4000291824,-2.0481233597,2.0911345482,1.1682926416,1.5726704597,0.1893388778,0.3720975518,false,1.0000000000,true,1.2599999905,true,1.3270529509,-1,OK,0
12.4500293732,-1.9862362146,2.1029238701,1.2148710489,1.5908489227,0.1882411093,0.3720975518,false,1.0000000000,true,1.2599999905,true,1.2579568624,-1,OK,0
12.5000295639,-1.9243370295,2.1146488190,1.2614493370,1.6090273857,0.1872035116,0.3720975518,false,1.0000000000,true,1.2599999905,true,1.1889920235,-1,OK,0
12.5500297546,-1.8624261618,2.1263134480,1.3080277443,1.6272059679,0.1862259507,0.3720975518,false,1.0000000000,true,1.2599999905,true,1.1202020645,-1,OK,0
12.6000299454,-1.8005048037,2.1379210949,1.3546060324,1.6453845501,0.1853082627,0.3720975518,false,1.0000000000,true,1.2599999905,true,1.0515904427,-1,OK,0
12.6500301361,-1.7385735512,2.1494755745,1.4011843204,1.6635630131,0.1844502836,0.3720975518,false,1.0000000000,true,1.2599999905,true,0.9831756949,-1,OK,0
12.7000303268,-1.6766330004,2.1609807014,1.4477627277,1.6817414761,0.1836517900,0.3720975518,false,1.0000000000,true,1.2599999905,true,0.9150049090,-1,OK,0
12.7500305176,-1.6146838665,2.1724400520,1.4943411350,1.6999199390,0.1829125881,0.3720975518,false,1.0000000000,true,1.2599999905,true,0.8470636606,-1,OK,0
12.8000307083,-1.5527272224,2.1838572025,1.5409193039,1.7180985212,0.1822324395,0.3720975518,false,1.0000000000,true,1.2599999905,true,0.7793883085,-1,OK,0
12.8500308990,-1.4907631874,2.1952359676,1.5874977112,1.7362771034,0.1816111058,0.3720975518,false,1.0000000000,true,1.2599999905,true,0.7120044231,-1,OK,0
12.9000310898,-1.4287928343,2.2065799236,1.6340761185,1.7544555664,0.1810482889,0.3720975518,false,1.0000000000,true,1.2599999905,true,0.6449373960,-1,OK,0
12.9500312805,-1.3668169975,2.2178924084,1.6806542873,1.7726340294,0.1805437207,0.3720975518,false,1.0000000000,true,1.2599999905,true,0.5781982541,-1,OK,0
13.0000314713,-1.3048359156,2.2291772366,1.7272326946,1.7908124924,0.1800970882,0.3720975518,false,1.0000000000,true,1.2599999905,true,0.5118015409,-1,OK,0
13.0500316620,-1.2428504229,2.2404379845,1.7738111019,1.8089910746,0.1797080487,0.3720975518,false,1.0000000000,true,1.2599999905,true,0.4457982481,-1,OK,0
13.1000318527,-1.1808611155,2.2516782284,1.8203895092,1.8271696568,0.1793762743,0.3720975518,false,1.0000000000,true,1.2599999905,true,0.3801810741,-1,OK,0
13.1500320435,-1.1188690662,2.2629013062,1.8669676781,1.8453481197,0.1791013926,0.3720975518,false,1.0000000000,true,1.2599999905,true,0.3149864674,-1,OK,0
13.2000322342,-1.0568742752,2.2741110325,1.9135460854,1.8635265827,0.1788830161,0.3720975518,false,1.0000000000,true,1.2599999905,true,0.2502362728,-1,OK,0
13.2500324249,-0.9948776364,2.2853105068,1.9601244926,1.8817051649,0.1787207276,0.3720975518,false,1.0000000000,true,1.2599999905,true,0.1859632879,-1,OK,0
13.3000326157,-0.9328798652,2.2965035439,2.0067028999,1.8998836279,0.1786141098,0.3720975518,false,1.0000000000,true,1.2599999905,true,0.1221711338,-1,OK,0
13.3500328064,-0.8708817363,2.3076932430,2.0532810688,1.9180622101,0.1785627156,0.3720975518,false,1.0000000000,true,1.2599999905,true,0.0588926226,-1,OK,0
13.4000329971,-0.8088833690,2.3188827038,2.0998594761,1.9362406731,0.1785593778,0.3720975518,false,1.0000000000,true,1.2599999905,true,0.0038285486,-1,OK,0
13.4500331879,-0.7468843460,2.3300685883,2.1464378834,1.9544191360,0.1785017103,0.3720975518,false,1.0000000000,true,1.2599999905,true,0.0660798028,-1,OK,0
13.5000333786,-0.6848842502,2.3412475586,2.1930160522,1.9725977182,0.1783892065,0.3720975518,false,1.0000000000,true,1.2599999905,true,0.1289138943,-1,OK,0
13.5500335693,-0.6228820682,2.3524162769,2.2395944595,1.9907761812,0.1782213449,0.3720975518,false,1.0000000000,true,1.2599999905,true,0.1923636198,-1,OK,0
13.6000337601,-0.5608773232,2.3635709286,2.2861728668,2.0089547634,0.1779975295,0.3720975518,false,1.0000000000,true,1.2599999905,true,0.2564690411,-1,OK,0
13.6500339508,-0.4988713562,2.3747184277,2.3327512741,2.0271332264,0.1778815389,0.3720975518,false,1.0000000000,true,1.2599999905,true,0.1329172999,-1,OK,0
13.7000341415,-0.4368539453,2.3858010769,2.3793294430,2.0453119278,0.1768369824,0.3720975518,false,1.0000000000,true,1.2599999905,true,1.1969770193,-1,OK,0
13.7500343323,-0.3748147190,2.3967618942,2.4259078503,2.0634903908,0.1748726368,0.3720975518,false,1.0000000000,true,1.2599999905,true,2.2509825230,-1,OK,0
13.8000345230,-0.3127442300,2.4075443745,2.4724862576,2.0816688538,0.1719974428,0.3720975518,false,1.0000000000,true,1.2599999905,true,3.2947230339,-1,OK,0
13.8500347137,-0.2506337464,2.4180922508,2.5190644264,2.0998473167,0.1682204157,0.3720975518,false,1.0000000000,true,1.2599999905,true,4.3281507492,-1,OK,0
13.9000349045,-0.1884744018,2.4283499718,2.5656428337,2.1180257797,0.1635504812,0.3720975518,false,1.0000000000,true,1.2599999905,true,5.3513455391,-1,OK,0
13.9500350952,-0.1262590438,2.4382624626,2.6122212410,2.1362042427,0.1579963565,0.3720975518,false,1.0000000000,true,1.2599999905,true,6.3645634651,-1,OK,0
14.0000352859,-0.0639812350,2.4477746487,2.6587996483,2.1543827057,0.1515664160,0.3720975518,false,1.0000000000,true,1.2599999905,true,7.3681750298,-1,OK,0
14.0500354767,-0.0016415678,2.4568715096,2.7053778172,2.1725614071,0.1448997557,0.3720975518,false,1.0000000000,true,1.2599999905,true,7.6394371986,-1,OK,0
14.1000356674,0.0607575290,2.4655525684,2.7519562244,2.1907398701,0.1382330954,0.3720975518,false,1.0000000000,true,1.2599999905,true,7.6394371986,-1,OK,0
14.1500358582,0.1232131124,2.4738173485,2.7985346317,2.2089183331,0.1315664351,0.3720975518,false,1.0000000000,true,1.2599999905,true,7.6394371986,-1,OK,0
14.2000360489,0.1857222319,2.4816656113,2.8451128006,2.2270970345,0.1248997673,0.3720975518,false,1.0000000000,true,1.2599999905,true,7.6394371986,-1,OK,0
14.2500362396,0.2482824624,2.4890968800,2.8916912079,2.2452754974,0.1182330996,0.3720975518,false,1.0000000000,true,1.2599999905,true,7.6394371986,-1,OK,0
14.3000364304,0.2796218395,2.4926078320,2.9150063992,2.2543754578,0.1115664318,0.3720975518,false,1.0000000000,true,1.2599999905,true,7.6394371986,-1,OK,0
14.3500366211,0.2796218395,2.4926078320,2.9150063992,2.2543754578,0.1868660748,0.4506373703,true,0.9587500095,false,1.0000000000,false,0.0000000000,1,OK,0
14.4000368118,0.2796218395,2.4926078320,2.9150063992,2.2543754578,0.2621657252,0.5291771889,true,0.9587500095,false,1.0000000000,false,0.0000000000,1,OK,0
14.4500370026,0.2796218395,2.4926078320,2.9150063992,2.2543754578,0.3374653757,0.6077170372,true,0.9587500095,false,1.0000000000,false,0.0000000000,1,OK,0
14.5000371933,0.2796218395,2.4926078320,2.9150063992,2.2543754578,0.4127650261,0.6862568855,true,0.9587500095,false,1.0000000000,false,0.0000000000,1,OK,0
14.5500373840,0.2796218395,2.4926078320,2.9150063992,2.2543754578,0.4880646765,0.7647967339,true,0.9587500095,false,1.0000000000,false,0.0000000000,1,OK,0
14.6000375748,0.2796218395,2.4926078320,2.9150063992,2.2543754578,0.5633643270,0.8433365822,true,0.9587500095,false,1.0000000000,false,0.0000000000,1,OK,0
14.6500377655,0.2796218395,2.4926078320,2.9150063992,2.2543754578,0.6442607045,0.9218764305,true,1.0299999714,false,1.0000000000,false,0.0000000000,1,OK,0
14.7000379562,0.2796218395,2.4926078320,2.9150063992,2.2543754578,0.7251563072,1.0004162788,true,1.0299999714,false,1.0000000000,false,0.0000000000,1,OK,0
14.7500381470,0.2796218395,2.4926078320,2.9150063992,2.2543754578,0.8060518503,1.0789561272,true,1.0299999714,false,1.0000000000,false,0.0000000000,1,OK,0
14.8000383377,0.2796218395,2.4926078320,2.9150063992,2.2543754578,0.8869482279,1.1574959755,true,1.0299999714,false,1.0000000000,false,0.0000000000,1,OK,0
14.8500385284,0.2796218395,2.4926078320,2.9150063992,2.2543754578,0.9622486234,1.2360358238,true,0.9587500095,false,1.0000000000,false,0.0000000000,1,OK,0
14.9000387192,0.2796218395,2.4926078320,2.9150063992,2.2543754578,1.0375490189,1.3145756721,true,0.9587500095,false,1.0000000000,false,0.0000000000,1,OK,0
14.9500389099,0.2796218395,2.4926078320,2.9150063992,2.2543754578,1.1184445620,1.3931155205,true,1.0299999714,false,1.0000000000,false,0.0000000000,1,OK,0
15.0000391006,0.2796218395,2.4926078320,2.9150063992,2.2543754578,1.1993409395,1.4716553688,true,1.0299999714,false,1.0000000000,false,0.0000000000,1,OK,0
15.0500392914,0.2796218395,2.4926078320,2.9150063992,2.2543754578,1.2802380323,1.5501952171,true,1.0299999714,false,1.0000000000,false,0.0000000000,1,OK,0
15.1000394821,0.2796218395,2.4926078320,2.9150063992,2.2543754578,1.3555376530,1.6287350655,true,0.9587500095,false,1.0000000000,false,0.0000000000,1,OK,0
15.1500396729,0.2796218395,2.4926078320,2.9150063992,2.2543754578,1.4308365583,1.7072749138,true,0.9587500095,false,1.0000000000,false,0.0000000000,1,OK,0
15.2000398636,0.2796218395,2.4926078320,2.9150063992,2.2543754578,1.5061368942,1.7858147621,true,0.9587500095,false,1.0000000000,false,0.0000000000,1,OK,0
15.2500400543,0.2796218395,2.4926078320,2.9150063992,2.2543754578,1.5814372301,1.8643546104,true,0.9587500095,false,1.0000000000,false,0.0000000000,1,OK,0
15.3000402451,0.2796218395,2.4926078320,2.9150063992,2.2543754578,1.6567375660,1.9428944588,true,0.9587500095,false,1.0000000000,false,0.0000000000,1,OK,0
15.3500404358,0.2796218395,2.4926078320,2.9150063992,2.2543754578,1.7320371866,2.0214343071,true,0.9587500095,false,1.0000000000,false,0.0000000000,1,OK,0
15.4000406265,0.2796218395,2.4926078320,2.9150063992,2.2543754578,1.8073368073,2.0999741554,true,0.9587500095,false,1.0000000000,false,0.0000000000,1,OK,0
15.4500408173,0.2796218395,2.4926078320,2.9150063992,2.2543754578,1.8826364279,2.1785140038,true,0.9587500095,false,1.0000000000,false,0.0000000000,1,OK,0
15.5000410080,0.2796218395,2.4926078320,2.9150063992,2.2543754578,1.9579367638,2.2570538521,true,0.9587500095,false,1.0000000000,false,0.0000000000,1,OK,0
15.5500411987,0.2796218395,2.4926078320,2.9150063992,2.2543754578,2.0332365036,2.3355937004,true,0.9587500095,false,1.0000000000,false,0.0000000000,1,OK,0
15.6000413895,0.2796218395,2.4926078320,2.9150063992,2.2543754578,2.1085362434,2.4141335487,true,0.9587500095,false,1.0000000000,false,0.0000000000,1,OK,0
15.6500415802,0.2796218395,2.4926078320,2.9150063992,2.2543754578,2.1894319057,2.4926733971,true,1.0299999714,false,1.0000000000,false,0.0000000000,1,OK,0
15.7000417709,0.2796218395,2.4926078320,2.9150063992,2.2543754578,2.2703275681,2.5712132454,true,1.0299999714,false,1.0000000000,false,0.0000000000,1,OK,0
15.7500419617,0.2796218395,2.4926078320,2.9150063992,2.2543754578,2.3512232304,2.6497530937,true,1.0299999714,false,1.0000000000,false,0.0000000000,1,OK,0
15.8000421524,0.2796218395,2.4926078320,2.9150063992,2.2543754578,2.4321188927,2.7282929420,true,1.0299999714,false,1.0000000000,false,0.0000000000,1,OK,0
15.8500423431,0.2796218395,2.4926078320,2.9150063992,2.2543754578,2.5130145550,2.8068327904,true,1.0299999714,false,1.0000000000,false,0.0000000000,1,OK,0
15.9000425339,0.2796218395,2.4926078320,2.9150063992,2.2543754578,2.5883142948,2.8853726387,true,0.9587500095,false,1.0000000000,false,0.0000000000,1,OK,0
15.9500427246,0.2796218395,2.4926078320,2.9150063992,2.2543754578,2.6061313152,2.9026691914,true,1.0299999714,false,1.0000000000,false,0.0000000000,1,OK,0
16.0000419617,0.2424949259,2.5143010616,2.8664267063,2.2662084103,2.6127979755,2.9026691914,false,1.0000000000,true,0.8600000143,true,7.6394371986,1,OK,0
16.0500411987,0.2052242458,2.5357463360,2.8178470135,2.2780411243,2.6194646358,2.9026691914,false,1.0000000000,true,0.8600000143,true,7.6394371986,1,OK,0
16.1000404358,0.1678113937,2.5569427013,2.7692673206,2.2898740768,2.6261312962,2.9026691914,false,1.0000000000,true,0.8600000143,true,7.6394371986,1,OK,0
16.1500396729,0.1302581131,2.5778889656,2.7206876278,2.3017067909,2.6327979565,2.9026691914,false,1.0000000000,true,0.8600000143,true,7.6394371986,1,OK,0
16.2000389099,0.0925661474,2.5985844135,2.6721081734,2.3135397434,2.6394646168,2.9026691914,false,1.0000000000,true,0.8600000143,true,7.6394371986,1,OK,0
16.2500381470,0.0547369234,2.6190283298,2.6235284805,2.3253724575,2.6461312771,2.9026691914,false,1.0000000000,true,0.8600000143,true,7.6394371986,1,OK,0
16.3000373840,0.0167722069,2.6392195225,2.5749487877,2.3372054100,2.6527979374,2.9026691914,false,1.0000000000,true,0.8600000143,true,7.6394371986,1,OK,0
16.3500366211,-0.0213262327,2.6591570377,2.5263690948,2.3490381241,2.6594645977,2.9026691914,false,1.0000000000,true,0.8600000143,true,7.6394371986,1,OK,0
16.4000358582,-0.0595567822,2.6788401604,2.4777894020,2.3608710766,2.6661312580,2.9026691914,false,1.0000000000,true,0.8600000143,true,7.6394371986,1,OK,0
16.4500350952,-0.0979176611,2.6982679367,2.4292097092,2.3727037907,2.6727979183,2.9026691914,false,1.0000000000,true,0.8600000143,true,7.6394371986,1,OK,0
16.5000343323,-0.1364072561,2.7174396515,2.3806300163,2.3845367432,2.6794645786,2.9026691914,false,1.0000000000,true,0.8600000143,true,7.6394371986,1,OK,0
16.5500335693,-0.1750237644,2.7363543510,2.3320503235,2.3963694572,2.6861312389,2.9026691914,false,1.0000000000,true,0.8600000143,true,7.6394371986,1,OK,0
16.6000328064,-0.2137655467,2.7550113201,2.2834706306,2.4082024097,2.6927978992,2.9026691914,false,1.0000000000,true,0.8600000143,true,7.6394371986,1,OK,0
16.6500320435,-0.2526286542,2.7734138966,2.2348909378,2.4200351238,2.6993484497,2.9026691914,false,1.0000000000,true,0.8600000143,true,7.5065054893,1,OK,0
16.7000312805,-0.2916090786,2.7915663719,2.1863114834,2.4318680763,2.7057745457,2.9026691914,false,1.0000000000,true,0.8600000143,true,7.3636288643,1,OK,0
16.7500305176,-0.3307033181,2.8094727993,2.1377317905,2.4437007904,2.7120800018,2.9026691914,false,1.0000000000,true,0.8600000143,true,7.2255930901,1,OK,0
16.8000297546,-0.3699076772,2.8271369934,2.0891520977,2.4555337429,2.7182691097,2.9026691914,false,1.0000000000,true,0.8600000143,true,7.0920639038,1,OK,0
16.8500289917,-0.4092186689,2.8445625305,2.0405724049,2.4673666954,2.7243452072,2.9026691914,false,1.0000000000,true,0.8600000143,true,6.9627895355,1,OK,0
16.9000282288,-0.4486328959,2.8617532253,1.9919927120,2.4791994095,2.7303121090,2.9026691914,false,1.0000000000,true,0.8600000143,true,6.8375182152,1,OK,0
16.9500274658,-0.4881472290,2.8787126541,1.9434130192,2.4910323620,2.7361729145,2.9026691914,false,1.0000000000,true,0.8600000143,true,6.7159957886,1,OK,0
17.0000267029,-0.5277584195,2.8954441547,1.8948334455,2.5028650761,2.7419307232,2.9026691914,false,1.0000000000,true,0.8600000143,true,6.5979919434,1,OK,0
17.0500259399,-0.5674637556,2.9119513035,1.8462537527,2.5146980286,2.7475883961,2.9026691914,false,1.0000000000,true,0.8600000143,true,6.4833321571,1,OK,0
17.1000251770,-0.6072602272,2.9282374382,1.7976740599,2.5265307426,2.7531487942,2.9026691914,false,1.0000000000,true,0.8600000143,true,6.3717942238,1,OK,0
17.1500244141,-0.6471451521,2.9443058968,1.7490943670,2.5383636951,2.7586145401,2.9026691914,false,1.0000000000,true,0.8600000143,true,6.2632322311,1,OK,0
17.2000236511,-0.6871158481,2.9601597786,1.7005146742,2.5501964092,2.7639880180,2.9026691914,false,1.0000000000,true,0.8600000143,true,6.1574535370,1,OK,0
17.2500228882,-0.7271696925,2.9758021832,1.6519351006,2.5620293617,2.7692713737,2.9026691914,false,1.0000000000,true,0.8600000143,true,6.0543160439,1,OK,0
17.3000221252,-0.7673043013,2.9912364483,1.6033554077,2.5738620758,2.7744669914,2.9026691914,false,1.0000000000,true,0.8600000143,true,5.9536738396,1,OK,0
17.3500213623,-0.8075172901,3.0064654350,1.5547757149,2.5856950283,2.7795767784,2.9026691914,false,1.0000000000,true,0.8600000143,true,5.8553843498,1,OK,0
17.4000205994,-0.8478062749,3.0214920044,1.5061960220,2.5975277424,2.7846026421,2.9026691914,false,1.0000000000,true,0.8600000143,true,5.7593245506,1,OK,0
17.4500198364,-0.8881689906,3.0363192558,1.4576164484,2.6093606949,2.7895467281,2.9026691914,false,1.0000000000,true,0.8600000143,true,5.6653704643,1,OK,0
17.5000190735,-0.9286034107,3.0509500504,1.4090367556,2.6211934090,2.7944104671,2.9026691914,false,1.0000000000,true,0.8600000143,true,5.5734233856,1,OK,0
17.5500183105,-0.9691073895,3.0653872490,1.3604570627,2.6330263615,2.7991955280,2.9026691914,false,1.0000000000,true,0.8600000143,true,5.4833669662,1,OK,0
17.6000175476,-1.0096788406,3.0796334743,1.3118773699,2.6448590755,2.8039035797,2.9026691914,false,1.0000000000,true,0.8600000143,true,5.3951172829,1,OK,0
17.6500167847,-1.0503159761,3.0936915874,1.2632976770,2.6566920280,2.8085362911,2.9026691914,false,1.0000000000,true,0.8600000143,true,5.3085613251,1,OK,0
17.7000160217,-1.0910165310,3.1075642109,1.2147181034,2.6685247421,2.8130948544,2.9026691914,false,1.0000000000,true,0.8600000143,true,5.2236194611,1,OK,0
17.7500152588,-1.1317790747,3.1212542057,1.1661384106,2.6803576946,2.8175804615,2.9026691914,false,1.0000000000,true,0.8600000143,true,5.1402001381,1,OK,0
17.8000144958,-1.1726016998,3.1347641945,1.1175587177,2.6921906471,2.8219945431,2.9026691914,false,1.0000000000,true,0.8600000143,true,5.0582485199,1,OK,0
17.8500137329,-1.2134824991,3.1480967999,1.0689790249,2.7040233612,2.8263382912,2.9026691914,false,1.0000000000,true,0.8600000143,true,4.9776849747,1,OK,0
17.9000129700,-1.2544199228,3.1612544060,1.0203994513,2.7158563137,2.8306128979,2.9026691914,false,1.0000000000,true,0.8600000143,true,4.8984260559,1,OK,0
17.9500122070,-1.2954124212,3.1742396355,0.9718197584,2.7276890278,2.8348195553,2.9026691914,false,1.0000000000,true,0.8600000143,true,4.8204231262,1,OK,0
18.0000114441,-1.3364583254,3.1870551109,0.9232400656,2.7395219803,2.8389592171,2.9026691914,false,1.0000000000,true,0.8600000143,true,4.7436046600,1,OK,0
18.0500106812,-1.3775559664,3.1997032166,0.8746604919,2.7513546944,2.8430328369,2.9026691914,false,1.0000000000,true,0.8600000143,true,4.6679005623,1,OK,0
18.1000099182,-1.4187041521,3.2121865749,0.8260807991,2.7631876469,2.8470411301,2.9026691914,false,1.0000000000,true,0.8600000143,true,4.5932602882,1,OK,0
18.1500091553,-1.4599012136,3.2245075703,0.7775011063,2.7750203609,2.8509852886,2.9026691914,false,1.0000000000,true,0.8600000143,true,4.5196580887,1,OK,0
18.2000083923,-1.5011457205,3.2366685867,0.7289214134,2.7868533134,2.8548660278,2.9026691914,false,1.0000000000,true,0.8600000143,true,4.4470105171,1,OK,0
18.2500076294,-1.5424363613,3.2486720085,0.6803417206,2.7986860275,2.8586843014,2.9026691914,false,1.0000000000,true,0.8600000143,true,4.3753061295,1,OK,0
18.3000068665,-1.5837718248,3.2605202198,0.6317620277,2.8105189800,2.8624405861,2.9026691914,false,1.0000000000,true,0.8600000143,true,4.3044691086,1,OK,0
18.3500061035,-1.6251507998,3.2722156048,0.5831823349,2.8223516941,2.8661358356,2.9026691914,false,1.0000000000,true,0.8600000143,true,4.2344551086,1,OK,0
18.4000053406,-1.6665719748,3.2837605476,0.5346026421,2.8341846466,2.8697707653,2.9026691914,false,1.0000000000,true,0.8600000143,true,4.1652641296,1,OK,0
18.4500045776,-1.7080341578,3.2951574326,0.4860229492,2.8460173607,2.8733458519,2.9026691914,false,1.0000000000,true,0.8600000143,true,4.0968093872,1,OK,0
18.5000038147,-1.7495360374,3.3064084053,0.4374434948,2.8578503132,2.8768618107,2.9026691914,false,1.0000000000,true,0.8600000143,true,4.0290904045,1,OK,0
18.5500030518,-1.7910767794,3.3175158501,0.3888638020,2.8696832657,2.8803193569,2.9026691914,false,1.0000000000,true,0.8600000143,true,3.9620487690,1,OK,0
18.6000022888,-1.8326549530,3.3284819126,0.3402841091,2.8815159798,2.8837189674,2.9026691914,false,1.0000000000,true,0.8600000143,true,3.8956849575,1,OK,0
18.6500015259,-1.8742696047,3.3393089771,0.2917044163,2.8933486938,2.8870611191,2.9026691914,false,1.0000000000,true,0.8600000143,true,3.8299255371,1,OK,0
18.7000007629,-1.9159195423,3.3499991894,0.2431247234,2.9051816463,2.8903465271,2.9026691914,false,1.0000000000,true,0.8600000143,true,3.7647638321,1,OK,0
18.7500000000,-1.9576038122,3.3605549335,0.1945450306,2.9170145988,2.8935754299,2.9026691914,false,1.0000000000,true,0.8600000143,true,3.7001702785,1,OK,0
18.7999992371,-1.9993213415,3.3709783554,0.1459653378,2.9288473129,2.8967485428,2.9026691914,false,1.0000000000,true,0.8600000143,true,3.6361231804,1,OK,0
18.8499984741,-2.0410711765,3.3812716007,0.0973856449,2.9406800270,2.8998661041,2.9026691914,false,1.0000000000,true,0.8600000143,true,3.5725932121,1,OK,0
18.8999977112,-2.0828523636,3.3914370537,0.0488059521,2.9525129795,2.9029288292,2.9026691914,false,1.0000000000,true,0.8600000143,true,3.5095589161,1,OK,0
18.9499969482,-2.1246638298,3.4014766216,0.0002264977,2.9643459320,2.9059369564,2.9026691914,false,1.0000000000,true,0.8600000143,true,3.4470052719,1,OK,0
18.9999961853,-2.1665048599,3.4113926888,-0.0483531952,2.9761786461,2.9088907242,2.9026691914,false,1.0000000000,true,0.8600000143,true,3.3848814964,1,OK,0
19.0499954224,-2.2083745003,3.4211874008,-0.0969328880,2.9880115986,2.9117908478,2.9026691914,false,1.0000000000,true,0.8600000143,true,3.3231947422,1,OK,0
19.0999946594,-2.2502717972,3.4308629036,-0.1455125809,2.9998443127,2.9146373272,2.9026691914,false,1.0000000000,true,0.8600000143,true,3.2619307041,1,OK,0
19.1499938965,-2.2921960354,3.4404213428,-0.1940922737,3.0116772652,2.9174308777,2.9026691914,false,1.0000000000,true,0.8600000143,true,3.2010455132,1,OK,0
19.1999931335,-2.3341462612,3.4498648643,-0.2426719666,3.0235099792,2.9201714993,2.9026691914,false,1.0000000000,true,0.8600000143,true,3.1405465603,1,OK,0
19.2499923706,-2.3761217594,3.4591956139,-0.2912516594,3.0353429317,2.9228596687,2.9026691914,false,1.0000000000,true,0.8600000143,true,3.0804116726,1,OK,0
19.2999916077,-2.4181215763,3.4684157372,-0.3398313522,3.0471756458,2.9254956245,2.9026691914,false,1.0000000000,true,0.8600000143,true,3.0206120014,1,OK,0
19.3499908447,-2.4601452351,3.4775271416,-0.3884110451,3.0590085983,2.9280796051,2.9026691914,false,1.0000000000,true,0.8600000143,true,2.9611546993,1,OK,0
19.3999900818,-2.5021915436,3.4865322113,-0.4369904995,3.0708413124,2.9306120872,2.9026691914,false,1.0000000000,true,0.8600000143,true,2.9020035267,1,OK,0
19.4499893188,-2.5442602634,3.4954328537,-0.4855701923,3.0826742649,2.9330933094,2.9026691914,false,1.0000000000,true,0.8600000143,true,2.8431727886,1,OK,0
19.4999885559,-2.5863504410,3.5042312145,-0.5341498852,3.0945072174,2.9355232716,2.9026691914,false,1.0000000000,true,0.8600000143,true,2.7846188545,1,OK,0
19.5499877930,-2.6284615993,3.5129294395,-0.5827295780,3.1063399315,2.9379024506,2.9026691914,false,1.0000000000,true,0.8600000143,true,2.7263491154,1,OK,0
19.5999870300,-2.6705927849,3.5215296745,-0.6313092709,3.1181726456,2.9402310848,2.9026691914,false,1.0000000000,true,0.8600000143,true,2.6683564186,1,OK,0
19.6499862671,-2.7127435207,3.5300338268,-0.6798889637,3.1300055981,2.9425094128,2.9026691914,false,1.0000000000,true,0.8600000143,true,2.6106402874,1,OK,0
19.6999855042,-2.7549130917,3.5384440422,-0.7284686565,3.1418385506,2.9447374344,2.9026691914,false,1.0000000000,true,0.8600000143,true,2.5531575680,1,OK,0
19.7499847412,-2.7971007824,3.5467624664,-0.7770483494,3.1536712646,2.9469156265,2.9026691914,false,1.0000000000,true,0.8600000143,true,2.4959294796,1,OK,0
19.7999839783,-2.8393061161,3.5549910069,-0.8256280422,3.1655039787,2.9490439892,2.9026691914,false,1.0000000000,true,0.8600000143,true,2.4389276505,1,OK,0
19.8499832153,-2.8815283775,3.5631318092,-0.8742074966,3.1773369312,2.9511227608,2.9026691914,false,1.0000000000,true,0.8600000143,true,2.3821659088,1,OK,0
19.8999824524,-2.9237673283,3.5711867809,-0.9227871895,3.1891698837,2.9531521797,2.9026691914,false,1.0000000000,true,0.8600000143,true,2.3256375790,1,OK,0
19.9499816895,-2.9660220146,3.5791583061,-0.9713668823,3.2010025978,2.9551324844,2.9026691914,false,1.0000000000,true,0.8600000143,true,2.2693130970,1,OK,0
19.9999809265,-3.0082919598,3.5870480537,-1.0199465752,3.2128355503,2.9570639133,2.9026691914,false,1.0000000000,true,0.8600000143,true,2.2132289410,1,OK,0
20.0499801636,-3.0505766869,3.5948581696,-1.0685262680,3.2246682644,2.9589464664,2.9026691914,false,1.0000000000,true,0.8600000143,true,2.1573271751,1,OK,0
20.0999794006,-3.0928754807,3.6025907993,-1.1171057224,3.2365012169,2.9607803822,2.9026691914,false,1.0000000000,true,0.8600000143,true,2.1016292572,1,OK,0
20.1499786377,-3.1351883411,3.6102478504,-1.1656854153,3.2483339310,2.9625658989,2.9026691914,false,1.0000000000,true,0.8600000143,true,2.0461425781,1,OK,0
20.1999778748,-3.1775143147,3.6178314686,-1.2142651081,3.2601668835,2.9643032551,2.9026691914,false,1.0000000000,true,0.8600000143,true,1.9908671379,1,OK,0
20.2499771118,-3.2198531628,3.6253435612,-1.2628448009,3.2719998360,2.9659924507,2.9026691914,false,1.0000000000,true,0.8600000143,true,1.9357739687,1,OK,0
20.2999763489,-3.2622041702,3.6327860355,-1.3114244938,3.2838325500,2.9676337242,2.9026691914,false,1.0000000000,true,0.8600000143,true,1.8808774948,1,OK,0
20.3499755859,-3.3045670986,3.6401610374,-1.3600041866,3.2956652641,2.9692273140,2.9026691914,false,1.0000000000,true,0.8600000143,true,1.8261775970,1,OK,0
20.3999748230,-3.3469412327,3.6474707127,-1.4085838795,3.3074982166,2.9707734585,2.9026691914,false,1.0000000000,true,0.8600000143,true,1.7716672421,1,OK,0
20.4499740601,-3.3885629177,3.6545863152,-1.4562876225,3.3191223145,2.9722721577,2.9026691914,false,1.0000000000,true,0.8600000143,true,1.7173390388,1,OK,0
20.4999732971,-3.3885629177,3.6545863152,-1.4562876225,3.3191223145,3.0531685352,2.9812090397,true,1.0299999714,false,1.0000000000,false,0.0000000000,1,OK,0
20.5499725342,-3.3885629177,3.6545863152,-1.4562876225,3.3191223145,3.1340641975,3.0597488880,true,1.0299999714,false,1.0000000000,false,0.0000000000,1,OK,0
20.5999717712,-3.3885629177,3.6545863152,-1.4562876225,3.3191223145,3.2093639374,3.1382887363,true,0.9587500095,false,1.0000000000,false,0.0000000000,1,OK,0
20.6499710083,-3.3885629177,3.6545863152,-1.4562876225,3.3191223145,3.2846636772,3.2168285847,true,0.9587500095,false,1.0000000000,false,0.0000000000,1,OK,0
20.6999702454,-3.3885629177,3.6545863152,-1.4562876225,3.3191223145,3.3599634171,3.2953684330,true,0.9587500095,false,1.0000000000,false,0.0000000000,1,OK,0
20.7499694824,-3.3885629177,3.6545863152,-1.4562876225,3.3191223145,3.4352631569,3.3739082813,true,0.9587500095,false,1.0000000000,false,0.0000000000,1,OK,0
20.7999687195,-3.3885629177,3.6545863152,-1.4562876225,3.3191223145,3.5105628967,3.4524481297,true,0.9587500095,false,1.0000000000,false,0.0000000000,1,OK,0
20.8499679565,-3.3885629177,3.6545863152,-1.4562876225,3.3191223145,3.5858633518,3.5309879780,true,0.9587500095,false,1.0000000000,false,0.0000000000,1,OK,0
20.8999671936,-3.3885629177,3.6545863152,-1.4562876225,3.3191223145,3.6611638069,3.6095278263,true,0.9587500095,false,1.0000000000,false,0.0000000000,1,OK,0
20.9499664307,-3.3885629177,3.6545863152,-1.4562876225,3.3191223145,3.7364635468,3.6880676746,true,0.9587500095,false,1.0000000000,false,0.0000000000,1,OK,0
20.9999656677,-3.3885629177,3.6545863152,-1.4562876225,3.3191223145,3.8117632866,3.7666075230,true,0.9587500095,false,1.0000000000,false,0.0000000000,1,OK,0
21.0499649048,-3.3885629177,3.6545863152,-1.4562876225,3.3191223145,3.8304305077,3.7860763073,true,0.9587500095,false,1.0000000000,false,0.0000000000,1,OK,0
21.0999641418,-3.4216113091,3.6270761490,-1.4962581396,3.2890830040,3.8357920647,3.7860763073,false,1.0000000000,true,0.8600000143,true,6.1439647675,1,OK,0
21.1499633789,-3.4545021057,3.5993778706,-1.5362286568,3.2590436935,3.8414981365,3.7860763073,false,1.0000000000,true,0.8600000143,true,6.5385708809,1,OK,0
21.1999626160,-3.4872241020,3.5714802742,-1.5761991739,3.2290043831,3.8475716114,3.7860763073,false,1.0000000000,true,0.8600000143,true,6.9596676826,1,OK,0
21.2499618530,-3.5197651386,3.5433716774,-1.6161696911,3.1989650726,3.8540380001,3.7860763073,false,1.0000000000,true,0.8600000143,true,7.4098043442,1,OK,0
21.2999610901,-3.5521178246,3.5150468349,-1.6561400890,3.1689257622,3.8607046604,3.7860763073,false,1.0000000000,true,0.8600000143,true,7.6394371986,1,OK,0
21.3499603271,-3.5842809677,3.4865069389,-1.6961107254,3.1388866901,3.8673713207,3.7860763073,false,1.0000000000,true,0.8600000143,true,7.6394371986,1,OK,0
21.3999595642,-3.6162531376,3.4577534199,-1.7360811234,3.1088473797,3.8740379810,3.7860763073,false,1.0000000000,true,0.8600000143,true,7.6394371986,1,OK,0
21.4499588013,-3.6480331421,3.4287872314,-1.7760516405,3.0788080692,3.8807046413,3.7860763073,false,1.0000000000,true,0.8600000143,true,7.6394371986,1,OK,0
21.4999580383,-3.6796193123,3.3996098042,-1.8160221577,3.0487687588,3.8873713017,3.7860763073,false,1.0000000000,true,0.8600000143,true,7.6394371986,1,OK,0
21.5499572754,-3.7110102177,3.3702225685,-1.8559926748,3.0187294483,3.8940379620,3.7860763073,false,1.0000000000,true,0.8600000143,true,7.6394371986,1,OK,0
21.5999565125,-3.7422044277,3.3406267166,-1.8959631920,2.9886901379,3.9007046223,3.7860763073,false,1.0000000000,true,0.8600000143,true,7.6394371986,1,OK,0
21.6499557495,-3.7732007504,3.3108234406,-1.9359337091,2.9586508274,3.9073712826,3.7860763073,false,1.0000000000,true,0.8600000143,true,7.6394371986,1,OK,0
21.6999549866,-3.8039975166,3.2808141708,-1.9759042263,2.9286115170,3.9140379429,3.7860763073,false,1.0000000000,true,0.8600000143,true,7.6394371986,1,OK,0
21.7499542236,-3.8345935345,3.2506003380,-2.0158746243,2.8985722065,3.9207046032,3.7860763073,false,1.0000000000,true,0.8600000143,true,7.6394371986,1,OK,0
21.7999534607,-3.8649876118,3.2201831341,-2.0558452606,2.8685331345,3.9273712635,3.7860763073,false,1.0000000000,true,0.8600000143,true,7.6394371986,1,OK,0
21.8499526978,-3.8951780796,3.1895639896,-2.0958156586,2.8384938240,3.9340379238,3.7860763073,false,1.0000000000,true,0.8600000143,true,7.6394371986,1,OK,0
21.8999519348,-3.9251639843,3.1587443352,-2.1357862949,2.8084545135,3.9407045841,3.7860763073,false,1.0000000000,true,0.8600000143,true,7.6394371986,1,OK,0
21.9499511719,-3.9549436569,3.1277253628,-2.1757566929,2.7784152031,3.9473712444,3.7860763073,false,1.0000000000,true,0.8600000143,true,7.6394371986,1,OK,0
21.9999504089,-3.9845159054,3.0965085030,-2.2157273293,2.7483758926,3.9540379047,3.7860763073,false,1.0000000000,true,0.8600000143,true,7.6394371986,1,OK,0
22.0499496460,-4.0138792992,3.0650954247,-2.2556977272,2.7183365822,3.9607045650,3.7860763073,false,1.0000000000,true,0.8600000143,true,7.6394371986,1,OK,0
22.0999488831,-4.0430326462,3.0334873199,-2.2956681252,2.6882972717,3.9673712254,3.7860763073,false,1.0000000000,true,0.8600000143,true,7.6394371986,1,OK,0
22.1499481201,-4.0719747543,3.0016853809,-2.3356387615,2.6582579613,3.9740378857,3.7860763073,false,1.0000000000,true,0.8600000143,true,7.6394371986,1,OK,0
22.1999473572,-4.1007041931,2.9696910381,-2.3756093979,2.6282186508,3.9807045460,3.7860763073,false,1.0000000000,true,0.8600000143,true,7.6394371986,1,OK,0
22.2499465942,-4.1292195320,2.9375061989,-2.4155797958,2.5981793404,3.9873712063,3.7860763073,false,1.0000000000,true,0.8600000143,true,7.6394371986,1,OK,0
22.2999458313,-4.1575198174,2.9051318169,-2.4555501938,2.5681400299,3.9940378666,3.7860763073,false,1.0000000000,true,0.8600000143,true,7.6394371986,1,OK,0
22.3499450684,-4.1856036186,2.8725695610,-2.4955208302,2.5381009579,4.0007047653,3.7860763073,false,1.0000000000,true,0.8600000143,true,7.6394371986,1,OK,0
22.3999443054,-4.2134695053,2.8398208618,-2.5354912281,2.5080616474,4.0073714256,3.7860763073,false,1.0000000000,true,0.8600000143,true,7.6394371986,1,OK,0
22.4499435425,-4.2411165237,2.8068869114,-2.5754618645,2.4780223370,4.0140380859,3.7860763073,false,1.0000000000,true,0.8600000143,true,7.6394371986,1,OK,0
22.4999427795,-4.2685432434,2.7737696171,-2.6154322624,2.4479830265,4.0207047462,3.7860763073,false,1.0000000000,true,0.8600000143,true,7.6394371986,1,OK,0
22.5499420166,-4.2957487106,2.7404701710,-2.6554026604,2.4179437160,4.0273714066,3.7860763073,false,1.0000000000,true,0.8600000143,true,7.6394371986,1,OK,0
22.5999412537,-4.3227314949,2.7069900036,-2.6953732967,2.3879044056,4.0340380669,3.7860763073,false,1.0000000000,true,0.8600000143,true,7.6394371986,1,OK,0
22.6499404907,-4.3494906425,2.6733305454,-2.7353439331,2.3578650951,4.0407047272,3.7860763073,false,1.0000000000,true,0.8600000143,true,7.6394371986,1,RESETTING,1
22.6999397278,-4.3494906425,2.6733305454,-2.7353439331,2.3578650951,4.0407047272,3.7860763073,true,0.5069016218,false,1.0000000000,false,0.0000000000,1,RESETTING,0
22.7499389648,-4.3494906425,2.6733305454,-2.7353439331,2.3578650951,4.0805163383,3.7860763073,true,0.5069016218,false,1.0000000000,false,0.0000000000,1,RESETTING,0
22.7999382019,-4.3494906425,2.6733305454,-2.7353439331,2.3578650951,4.1203284264,3.7860763073,true,0.5069016218,false,1.0000000000,false,0.0000000000,1,RESETTING,0
22.8499374390,-4.3494906425,2.6733305454,-2.7353439331,2.3578650951,4.1601400375,3.7860763073,true,0.5069016218,false,1.0000000000,false,0.0000000000,1,RESETTING,0
22.8999366760,-4.3494906425,2.6733305454,-2.7353439331,2.3578650951,4.1999516487,3.7860763073,true,0.5069016218,false,1.0000000000,false,0.0000000000,1,RESETTING,0
22.9499359131,-4.3494906425,2.6733305454,-2.7353439331,2.3578650951,4.2397632599,3.7860763073,true,0.5069016218,false,1.0000000000,false,0.0000000000,1,RESETTING,0
22.9999351501,-4.3494906425,2.6733305454,-2.7353439331,2.3578650951,4.2795748711,3.7860763073,true,0.5069016218,false,1.0000000000,false,0.0000000000,1,RESETTING,0
23.0499343872,-4.3494906425,2.6733305454,-2.7353439331,2.3578650951,4.3193864822,3.7860763073,true,0.5069016218,false,1.0000000000,false,0.0000000000,1,RESETTING,0
23.0999336243,-4.3494906425,2.6733305454,-2.7353439331,2.3578650951,4.3591985703,3.7860763073,true,0.5069016218,false,1.0000000000,false,0.0000000000,1,RESETTING,0
23.1499328613,-4.3494906425,2.6733305454,-2.7353439331,2.3578650951,4.3990106583,3.7860763073,true,0.5069016218,false,1.0000000000,false,0.0000000000,1,RESETTING,0
23.1999320984,-4.3494906425,2.6733305454,-2.7353439331,2.3578650951,4.4388217926,3.7860763073,true,0.5069016218,false,1.0000000000,false,0.0000000000,1,RESETTING,0
23.2499313354,-4.3494906425,2.6733305454,-2.7353439331,2.3578650951,4.4786334038,3.7860763073,true,0.5069016218,false,1.0000000000,false,0.0000000000,1,RESETTING,0
23.2999305725,-4.3494906425,2.6733305454,-2.7353439331,2.3578650951,4.5184450150,3.7860763073,true,0.5069016218,false,1.0000000000,false,0.0000000000,1,RESETTING,0
23.3499298096,-4.3494906425,2.6733305454,-2.7353439331,2.3578650951,4.5582566261,3.7860763073,true,0.5069016218,false,1.0000000000,false,0.0000000000,1,RESETTING,0
23.3999290466,-4.3494906425,2.6733305454,-2.7353439331,2.3578650951,4.5980687141,3.7860763073,true,0.5069016218,false,1.0000000000,false,0.0000000000,1,RESETTING,0
23.4499282837,-4.3494906425,2.6733305454,-2.7353439331,2.3578650951,4.6378803253,3.7860763073,true,0.5069016218,false,1.0000000000,false,0.0000000000,1,RESETTING,0
23.4999275208,-4.3494906425,2.6733305454,-2.7353439331,2.3578650951,4.6776919365,3.7860763073,true,0.5069016218,false,1.0000000000,false,0.0000000000,1,RESETTING,0
23.5499267578,-4.3494906425,2.6733305454,-2.7353439331,2.3578650951,4.7175030708,3.7860763073,true,0.5069016218,false,1.0000000000,false,0.0000000000,1,RESETTING,0
23.5999259949,-4.3494906425,2.6733305454,-2.7353439331,2.3578650951,4.7573146820,3.7860763073,true,0.5069016218,false,1.0000000000,false,0.0000000000,1,RESETTING,0
23.6499252319,-4.3494906425,2.6733305454,-2.7353439331,2.3578650951,4.7971262932,3.7860763073,true,0.5069016218,false,1.0000000000,false,0.0000000000,1,RESETTING,0
23.6999244690,-4.3494906425,2.6733305454,-2.7353439331,2.3578650951,4.8369379044,3.7860763073,true,0.5069016218,false,1.0000000000,false,0.0000000000,1,RESETTING,0
23.7499237061,-4.3494906425,2.6733305454,-2.7353439331,2.3578650951,4.8767495155,3.7860763073,true,0.5069016218,false,1.0000000000,false,0.0000000000,1,RESETTING,0
23.7999229431,-4.3494906425,2.6733305454,-2.7353439331,2.3578650951,4.9165616035,3.7860763073,true,0.5069016218,false,1.0000000000,false,0.0000000000,1,RESETTING,0
23.8499221802,-4.3494906425,2.6733305454,-2.7353439331,2.3578650951,4.9563732147,3.7860763073,true,0.5069016218,false,1.0000000000,false,0.0000000000,1,RESETTING,0
23.8999214172,-4.3494906425,2.6733305454,-2.7353439331,2.3578650951,4.9961848259,3.7860763073,true,0.5069016218,false,1.0000000000,false,0.0000000000,1,RESETTING,0
23.9499206543,-4.3494906425,2.6733305454,-2.7353439331,2.3578650951,5.0359969139,3.7860763073,true,0.5069016218,false,1.0000000000,false,0.0000000000,1,RESETTING,0
23.9999198914,-4.3494906425,2.6733305454,-2.7353439331,2.3578650951,5.0758085251,3.7860763073,true,0.5069016218,false,1.0000000000,false,0.0000000000,1,RESETTING,0
24.0499191284,-4.3494906425,2.6733305454,-2.7353439331,2.3578650951,5.1156201363,3.7860763073,true,0.5069016218,false,1.0000000000,false,0.0000000000,1,RESETTING,0
24.0999183655,-4.3494906425,2.6733305454,-2.7353439331,2.3578650951,5.1554322243,3.7860763073,true,0.5069016218,false,1.0000000000,false,0.0000000000,1,RESETTING,0
24.1499176025,-4.3494906425,2.6733305454,-2.7353439331,2.3578650951,5.1952443123,3.7860763073,true,0.5069016218,false,1.0000000000,false,0.0000000000,1,RESETTING,0
24.1999168396,-4.3494906425,2.6733305454,-2.7353439331,2.3578650951,5.2350564003,3.7860763073,true,0.5069016218,false,1.0000000000,false,0.0000000000,1,RESETTING,0
24.2499160767,-4.3494906425,2.6733305454,-2.7353439331,2.3578650951,5.2748684883,3.7860763073,true,0.5069016218,false,1.0000000000,false,0.0000000000,1,RESETTING,0
24.2999153137,-4.3494906425,2.6733305454,-2.7353439331,2.3578650951,5.3146800995,3.7860763073,true,0.5069016218,false,1.0000000000,false,0.0000000000,1,RESETTING,0
24.3499145508,-4.3494906425,2.6733305454,-2.7353439331,2.3578650951,5.3544912338,3.7860763073,true,0.5069016218,false,1.0000000000,false,0.0000000000,1,RESETTING,0
24.3999137878,-4.3494906425,2.6733305454,-2.7353439331,2.3578650951,5.3943028450,3.7860763073,true,0.5069016218,false,1.0000000000,false,0.0000000000,1,RESETTING,0
24.4499130249,-4.3494906425,2.6733305454,-2.7353439331,2.3578650951,5.4341144562,3.7860763073,true,0.5069016218,false,1.0000000000,false,0.0000000000,1,RESETTING,0
24.4999122620,-4.3494906425,2.6733305454,-2.7353439331,2.3578650951,5.4739255905,3.7860763073,true,0.5069016218,false,1.0000000000,false,0.0000000000,1,RESETTING,0
24.5499114990,-4.3494906425,2.6733305454,-2.7353439331,2.3578650951,5.5137372017,3.7860763073,true,0.5069016218,false,1.0000000000,false,0.0000000000,1,RESETTING,0
24.5999107361,-4.3494906425,2.6733305454,-2.7353439331,2.3578650951,5.5535488129,3.7860763073,true,0.5069016218,false,1.0000000000,false,0.0000000000,1,RESETTING,0
24.6499099731,-4.3494906425,2.6733305454,-2.7353439331,2.3578650951,5.5933604240,3.7860763073,true,0.5069016218,false,1.0000000000,false,0.0000000000,1,RESETTING,0
24.6999092102,-4.3494906425,2.6733305454,-2.7353439331,2.3578650951,5.6331720352,3.7860763073,true,0.5069016218,false,1.0000000000,false,0.0000000000,1,RESETTING,0
24.7499084473,-4.3494906425,2.6733305454,-2.7353439331,2.3578650951,5.6729836464,3.7860763073,true,0.5069016218,false,1.0000000000,false,0.0000000000,1,RESETTING,0
24.7999076843,-4.3494906425,2.6733305454,-2.7353439331,2.3578650951,5.7127952576,3.7860763073,true,0.5069016218,false,1.0000000000,false,0.0000000000,1,RESETTING,0
24.8499069214,-4.3494906425,2.6733305454,-2.7353439331,2.3578650951,5.7526063919,3.7860763073,true,0.5069016218,false,1.0000000000,false,0.0000000000,1,RESETTING,0
24.8999061584,-4.3494906425,2.6733305454,-2.7353439331,2.3578650951,5.7924184799,3.7860763073,true,0.5069016218,false,1.0000000000,false,0.0000000000,1,RESETTING,0
24.9499053955,-4.3494906425,2.6733305454,-2.7353439331,2.3578650951,5.8322300911,3.7860763073,true,0.5069016218,false,1.0000000000,false,0.0000000000,1,RESETTING,0
24.9999046326,-4.3494906425,2.6733305454,-2.7353439331,2.3578650951,5.8720417023,3.7860763073,true,0.5069016218,false,1.0000000000,false,0.0000000000,1,RESETTING,0
25.0499038696,-4.3494906425,2.6733305454,-2.7353439331,2.3578650951,5.9118533134,3.7860763073,true,0.5069016218,false,1.0000000000,false,0.0000000000,1,RESETTING,0
25.0999031067,-4.3494906425,2.6733305454,-2.7353439331,2.3578650951,5.9516649246,3.7860763073,true,0.5069016218,false,1.0000000000,false,0.0000000000,1,RESETTING,0
25.1499023438,-4.3494906425,2.6733305454,-2.7353439331,2.3578650951,5.9914770126,3.7860763073,true,0.5069016218,false,1.0000000000,false,0.0000000000,1,RESETTING,0
25.1999015808,-4.3494906425,2.6733305454,-2.7353439331,2.3578650951,6.0312891006,3.7860763073,true,0.5069016218,false,1.0000000000,false,0.0000000000,1,RESETTING,0
25.2499008179,-4.3494906425,2.6733305454,-2.7353439331,2.3578650951,6.0711007118,3.7860763073,true,0.5069016218,false,1.0000000000,false,0.0000000000,1,RESETTING,0
25.2999000549,-4.3494906425,2.6733305454,-2.7353439331,2.3578650951,6.1109123230,3.7860763073,true,0.5069016218,false,1.0000000000,false,0.0000000000,1,RESETTING,0
25.3498992920,-4.3494906425,2.6733305454,-2.7353439331,2.3578650951,6.1507239342,3.7860763073,true,0.5069016218,false,1.0000000000,false,0.0000000000,1,RESETTING,0
25.3998985291,-4.3494906425,2.6733305454,-2.7353439331,2.3578650951,6.1905360222,3.7860763073,true,0.5069016218,false,1.0000000000,false,0.0000000000,1,RESETTING,0
25.4498977661,-4.3494906425,2.6733305454,-2.7353439331,2.3578650951,6.2303471565,3.7860763073,true,0.5069016218,false,1.0000000000,false,0.0000000000,1,RESETTING,0
25.4998970032,-4.3494906425,2.6733305454,-2.7353439331,2.3578650951,6.2701582909,3.7860763073,true,0.5069016218,false,1.0000000000,false,0.0000000000,1,RESETTING,0
25.5498962402,-4.3494906425,2.6733305454,-2.7353439331,2.3578650951,0.0267844200,3.7860763073,true,0.5069016218,false,1.0000000000,false,0.0000000000,1,RESETTING,0
25.5998954773,-4.3494906425,2.6733305454,-2.7353439331,2.3578650951,0.0665961653,3.7860763073,true,0.5069016218,false,1.0000000000,false,0.0000000000,1,RESETTING,0
25.6498947144,-4.3494906425,2.6733305454,-2.7353439331,2.3578650951,0.1064079106,3.7860763073,true,0.5069016218,false,1.0000000000,false,0.0000000000,1,RESETTING,0
25.6998939514,-4.3494906425,2.6733305454,-2.7353439331,2.3578650951,0.1462196559,3.7860763073,true,0.5069016218,false,1.0000000000,false,0.0000000000,1,RESETTING,0
25.7498931885,-4.3494906425,2.6733305454,-2.7353439331,2.3578650951,0.1860314012,3.7860763073,true,0.5069016218,false,1.0000000000,false,0.0000000000,1,RESETTING,0
25.7998924255,-4.3494906425,2.6733305454,-2.7353439331,2.3578650951,0.2258431464,3.7860763073,true,0.5069016218,false,1.0000000000,false,0.0000000000,1,RESETTING,0
25.8498916626,-4.3494906425,2.6733305454,-2.7353439331,2.3578650951,0.2656548917,3.7860763073,true,0.5069016218,false,1.0000000000,false,0.0000000000,1,RESETTING,0
25.8998908997,-4.3494906425,2.6733305454,-2.7353439331,2.3578650951,0.3054662645,3.7860763073,true,0.5069016218,false,1.0000000000,false,0.0000000000,1,RESETTING,0
25.9498901367,-4.3494906425,2.6733305454,-2.7353439331,2.3578650951,0.3452776372,3.7860763073,true,0.5069016218,false,1.0000000000,false,0.0000000000,1,RESETTING,0
25.9998893738,-4.3494906425,2.6733305454,-2.7353439331,2.3578650951,0.3850897551,3.7860763073,true,0.5069016218,false,1.0000000000,false,0.0000000000,1,RESETTING,0
26.0498886108,-4.3494906425,2.6733305454,-2.7353439331,2.3578650951,0.4249019027,3.7860763073,true,0.5069016218,false,1.0000000000,false,0.0000000000,1,RESETTING,0
26.0998878479,-4.3494906425,2.6733305454,-2.7353439331,2.3578650951,0.4647140503,3.7860763073,true,0.5069016218,false,1.0000000000,false,0.0000000000,1,RESETTING,0
26.1498870850,-4.3494906425,2.6733305454,-2.7353439331,2.3578650951,0.5045257807,3.7860763073,true,0.5069016218,false,1.0000000000,false,0.0000000000,1,RESETTING,0
26.1998863220,-4.3494906425,2.6733305454,-2.7353439331,2.3578650951,0.5443379283,3.7860763073,true,0.5069016218,false,1.0000000000,false,0.0000000000,1,RESETTING,0
26.2498855591,-4.3494906425,2.6733305454,-2.7353439331,2.3578650951,0.5841496587,3.7860763073,true,0.5069016218,false,1.0000000000,false,0.0000000000,1,RESETTING,0
26.2998847961,-4.3494906425,2.6733305454,-2.7353439331,2.3578650951,0.6239613891,3.7860763073,true,0.5069016218,false,1.0000000000,false,0.0000000000,1,RESETTING,0
26.3498840332,-4.3494906425,2.6733305454,-2.7353439331,2.3578650951,0.6637731194,3.7860763073,true,0.5069016218,false,1.0000000000,false,0.0000000000,1,RESETTING,0
26.3998832703,-4.3494906425,2.6733305454,-2.7353439331,2.3578650951,0.7035848498,3.7860763073,true,0.5069016218,false,1.0000000000,false,0.0000000000,1,RESETTING,0
26.4498825073,-4.3494906425,2.6733305454,-2.7353439331,2.3578650951,0.7433965802,3.7860763073,true,0.5069016218,false,1.0000000000,false,0.0000000000,1,RESETTING,0
26.4998817444,-4.3494906425,2.6733305454,-2.7353439331,2.3578650951,0.7832087278,3.7860763073,true,0.5069016218,false,1.0000000000,false,0.0000000000,1,RESETTING,0
26.5498809814,-4.3494906425,2.6733305454,-2.7353439331,2.3578650951,0.8230204582,3.7860763073,true,0.5069016218,false,1.0000000000,false,0.0000000000,1,RESETTING,0
26.5998802185,-4.3494906425,2.6733305454,-2.7353439331,2.3578650951,0.8628321886,3.7860763073,true,0.5069016218,false,1.0000000000,false,0.0000000000,1,RESETTING,0
26.6498794556,-4.3494906425,2.6733305454,-2.7353439331,2.3578650951,0.9026443362,3.7860763073,true,0.5069016218,false,1.0000000000,false,0.0000000000,1,RESETTING,0
26.6998786926,-4.3494906425,2.6733305454,-2.7353439331,2.3578650951,0.9779447317,3.7860763073,true,0.9587500095,false,1.0000000000,false,0.0000000000,1,OK,0
26.7498779297,-4.3215522766,2.7142102718,-2.7753143311,2.3278257847,0.9712780714,3.7860763073,false,1.0000000000,true,0.9902932644,true,7.6394371986,-1,OK,0
26.7998771667,-4.2932119370,2.7550904751,-2.8152847290,2.2977867126,0.9646114111,3.7860763073,false,1.0000000000,true,0.9948637486,true,7.6394371986,-1,OK,0
26.8498764038,-4.2644653320,2.7959716320,-2.8552553654,2.2677474022,0.9579447508,3.7860763073,false,1.0000000000,true,0.9995232224,true,7.6394371986,-1,OK,0
26.8998756409,-4.2353091240,2.8368535042,-2.8952260017,2.2377080917,0.9512780905,3.7860763073,false,1.0000000000,true,1.0042734146,true,7.6394371986,-1,OK,0
26.9498748779,-4.2057390213,2.8777363300,-2.9351963997,2.2076687813,0.9446114302,3.7860763073,false,1.0000000000,true,1.0091164112,true,7.6394371986,-1,OK,0
26.9998741150,-4.1757512093,2.9186201096,-2.9751667976,2.1776294708,0.9379447699,3.7860763073,false,1.0000000000,true,1.0140535831,true,7.6394371986,-1,OK,0
27.0498733521,-4.1453413963,2.9595050812,-3.0151371956,2.1475901604,0.9312781096,3.7860763073,false,1.0000000000,true,1.0190868378,true,7.6394371986,-1,OK,0
27.0998725891,-4.1145048141,3.0003912449,-3.0551078320,2.1175508499,0.9246114492,3.7860763073,false,1.0000000000,true,1.0242187977,true,7.6394371986,-1,OK,0
27.1498718262,-4.0832376480,3.0412788391,-3.0950784683,2.0875115395,0.9179447889,3.7860763073,false,1.0000000000,true,1.0294512510,true,7.6394371986,-1,OK,0
27.1998710632,-4.0515351295,3.0821676254,-3.1350488663,2.0574722290,0.9112781286,3.7860763073,false,1.0000000000,true,1.0347861052,true,7.6394371986,-1,OK,0
27.2498703003,-4.0193924904,3.1230580807,-3.1750192642,2.0274329185,0.9046114683,3.7860763073,false,1.0000000000,true,1.0402259827,true,7.6394371986,-1,OK,0
27.2998695374,-3.9868052006,3.1639504433,-3.2149899006,1.9973937273,0.8979448080,3.7860763073,false,1.0000000000,true,1.0457729101,true,7.6394371986,-1,OK,0
27.3498687744,-3.9537682533,3.2048447132,-3.2549605370,1.9673544168,0.8912781477,3.7860763073,false,1.0000000000,true,1.0514292717,true,7.6394371986,-1,OK,0
27.3998680115,-3.9202768803,3.2457406521,-3.2949309349,1.9373151064,0.8846114874,3.7860763073,false,1.0000000000,true,1.0571979284,true,7.6394371986,-1,OK,0
27.4498672485,-3.8863255978,3.2866387367,-3.3349013329,1.9072759151,0.8779448271,3.7860763073,false,1.0000000000,true,1.0630809069,true,7.6394371986,-1,OK,0
27.4998664856,-3.8653283119,3.3115921021,-3.3592877388,1.8889496326,0.8712781668,3.7860763073,false,1.0000000000,true,1.0690814257,true,7.6394371986,-1,OK,0
